create database Retail;
use Retail;

create table admin(
admin_name varchar(50),
admin_id int primary key,
admin_email varchar(50) not null unique,
admin_password varchar(50) not null
);

create table customer(
customer_id int primary key not null,
customer_name varchar(50),
mobile_no varchar(15) not null unique,
email varchar(50) not null unique,
customer_password varchar(20) not null,
address varchar(100) not null,
city varchar(50),
state varchar(50),
pincode varchar(50) ,
membership varchar(50) ,
wallet int 
);

create table seller(
seller_id int primary key,
seller_name varchar(50),
seller_address varchar(100)
);

create table product(
product_id int primary key,
product_name varchar(50),
category varchar(50),
normal_price int,
elite_price int,
prime_price int,
descrption text,
stock int,
seller_id int,
foreign key (seller_id) references seller(seller_id)
);

    
    
create table delievery_boy(
	d_id int unique primary key,
    d_name varchar(20) not null,
    d_rating float,
    d_mobile_number varchar(20)
    );
    
create table cart(
	cart_id int primary key not null,
    order_date date not null,
    total_price int not null,
    customer_id int not null,
    d_id int not null,
    foreign key (customer_id) references customer(customer_id),
    foreign key (d_id) references delievery_boy(d_id)
    );
    
create table cart_item(
	item_id int primary key,
    cart_id int not null,
    product_id int,
    quantity int not null,
    foreign key(cart_id) references cart(cart_id),
    foreign key(product_id) references product(product_id)
    );
		
insert into admin (admin_name, admin_id, admin_email, admin_password) values ('Micky Griffe', 1, 'mgriffe0@fastcompany.com', '30r8tGWn');
insert into admin (admin_name, admin_id, admin_email, admin_password) values ('Lori Darth', 2, 'ldarth1@wordpress.com', 'BCnde1iZN78');
insert into admin (admin_name, admin_id, admin_email, admin_password) values ('Wait Fehely', 3, 'wfehely2@google.co.uk', 'F7JcT8PLBj');
insert into admin (admin_name, admin_id, admin_email, admin_password) values ('Julee Vanyarkin', 4, 'jvanyarkin3@trellian.com', 'oaSy1y');
insert into admin (admin_name, admin_id, admin_email, admin_password) values ('Amalia Ivashev', 5, 'aivashev4@examiner.com', 'l2ttQAzfn8');
insert into admin (admin_name, admin_id, admin_email, admin_password) values ('Kelli Nan Carrow', 6, 'knan5@webs.com', 'nXWsihJI');
insert into admin (admin_name, admin_id, admin_email, admin_password) values ('Gerianne Chetwin', 7, 'gchetwin6@goodreads.com', 'Afdv9gP');
insert into admin (admin_name, admin_id, admin_email, admin_password) values ('Sunny Chomicz', 8, 'schomicz7@issuu.com', 'ihmNnmcn');
insert into admin (admin_name, admin_id, admin_email, admin_password) values ('Giacinta Hasling', 9, 'ghasling8@smugmug.com', 'AE8OdVcx');
insert into admin (admin_name, admin_id, admin_email, admin_password) values ('Fred Kynforth', 10, 'fkynforth9@ebay.co.uk', '2AdrkV6hikk');
insert into admin (admin_name, admin_id, admin_email, admin_password) values ('Sasha Force', 11, 'sforcea@nydailynews.com', 'd57kGVeBRW');
insert into admin (admin_name, admin_id, admin_email, admin_password) values ('Gaultiero Fursland', 12, 'gfurslandb@archive.org', 'iJjL0FbdZQE');
insert into admin (admin_name, admin_id, admin_email, admin_password) values ('Israel Cisneros', 13, 'icisnerosc@nsw.gov.au', '3SBx4ti');
insert into admin (admin_name, admin_id, admin_email, admin_password) values ('Felike Varah', 14, 'fvarahd@ucoz.com', 'SMaytOb4zq');
insert into admin (admin_name, admin_id, admin_email, admin_password) values ('Garrek Gunther', 15, 'ggunthere@si.edu', 'mRVdkes2Tdl');
insert into admin (admin_name, admin_id, admin_email, admin_password) values ('Bride Gifkins', 16, 'bgifkinsf@1und1.de', 'QngRqoWV');
insert into admin (admin_name, admin_id, admin_email, admin_password) values ('Sigfried Demkowicz', 17, 'sdemkowiczg@artisteer.com', 'NBtOh7Dwi4OE');
insert into admin (admin_name, admin_id, admin_email, admin_password) values ('Sharron Caswell', 18, 'scaswellh@arstechnica.com', 'fDHp7msraws6');
insert into admin (admin_name, admin_id, admin_email, admin_password) values ('Lizette Maytum', 19, 'lmaytumi@macromedia.com', 'CUFEgb0QG20');
insert into admin (admin_name, admin_id, admin_email, admin_password) values ('Emerson Slorach', 20, 'eslorachj@technorati.com', 'SCsOfNPuVacN');
insert into admin (admin_name, admin_id, admin_email, admin_password) values ('Minnaminnie Cluer', 21, 'mcluerk@walmart.com', 'nAEWus');
insert into admin (admin_name, admin_id, admin_email, admin_password) values ('Vaughan Peacock', 22, 'vpeacockl@devhub.com', 'v4TxedyDxI43');
insert into admin (admin_name, admin_id, admin_email, admin_password) values ('Eldredge Hartzogs', 23, 'ehartzogsm@engadget.com', 'bXtGXp');
insert into admin (admin_name, admin_id, admin_email, admin_password) values ('Filbert Loftie', 24, 'floftien@instagram.com', 'DtFoOU7');
insert into admin (admin_name, admin_id, admin_email, admin_password) values ('Marga Swadon', 25, 'mswadono@elegantthemes.com', 'me56VqjT0');
insert into admin (admin_name, admin_id, admin_email, admin_password) values ('Kelly Haselwood', 26, 'khaselwoodp@wix.com', 'ApEvGcnSQ');
insert into admin (admin_name, admin_id, admin_email, admin_password) values ('Rowland Belfield', 27, 'rbelfieldq@rediff.com', 'KgOQQHsaw');
insert into admin (admin_name, admin_id, admin_email, admin_password) values ('Ash Adamik', 28, 'aadamikr@mozilla.com', '4BFuOyT');
insert into admin (admin_name, admin_id, admin_email, admin_password) values ('Mimi Stichel', 29, 'mstichels@wordpress.org', 'j6w0JjGXpDEt');
insert into admin (admin_name, admin_id, admin_email, admin_password) values ('Cristine Goundrill', 30, 'cgoundrillt@nyu.edu', 'ntUm7WEYQ');
insert into admin (admin_name, admin_id, admin_email, admin_password) values ('Phil Vynarde', 31, 'pvynardeu@seesaa.net', 'pit7z75MtyRF');
insert into admin (admin_name, admin_id, admin_email, admin_password) values ('Natasha Cansfield', 32, 'ncansfieldv@irs.gov', '14ioezOC');
insert into admin (admin_name, admin_id, admin_email, admin_password) values ('Raquela Bloxholm', 33, 'rbloxholmw@odnoklassniki.ru', 'dosj2jFdMe');
insert into admin (admin_name, admin_id, admin_email, admin_password) values ('Filmer Dunbar', 34, 'fdunbarx@cisco.com', 'UNBYL0');
insert into admin (admin_name, admin_id, admin_email, admin_password) values ('Zaria Culham', 35, 'zculhamy@usa.gov', 'NqBJa4DGM');
insert into admin (admin_name, admin_id, admin_email, admin_password) values ('Anatole Robardet', 36, 'arobardetz@jigsy.com', 'bzPIhVEWy');
insert into admin (admin_name, admin_id, admin_email, admin_password) values ('Kennedy Howe', 37, 'khowe10@hud.gov', 'mrF7fPQ');
insert into admin (admin_name, admin_id, admin_email, admin_password) values ('Beckie Brislen', 38, 'bbrislen11@google.es', 'HczQBzy4');
insert into admin (admin_name, admin_id, admin_email, admin_password) values ('Karilynn Humphrey', 39, 'khumphrey12@woothemes.com', 'ukmO9eigRyY');
insert into admin (admin_name, admin_id, admin_email, admin_password) values ('Zelig Dallyn', 40, 'zdallyn13@bbc.co.uk', 'JdOIxnv9nI4');
insert into admin (admin_name, admin_id, admin_email, admin_password) values ('Larry Batrick', 41, 'lbatrick14@phoca.cz', 'bvDuqSTI');
insert into admin (admin_name, admin_id, admin_email, admin_password) values ('Nessie Wabey', 42, 'nwabey15@infoseek.co.jp', '5MnVNx');
insert into admin (admin_name, admin_id, admin_email, admin_password) values ('Elaina Gomes', 43, 'egomes16@cafepress.com', 'UVVE6Z');
insert into admin (admin_name, admin_id, admin_email, admin_password) values ('Samaria Cayle', 44, 'scayle17@walmart.com', 'DbZnfP15l');
insert into admin (admin_name, admin_id, admin_email, admin_password) values ('Donella Sambiedge', 45, 'dsambiedge18@histats.com', 'wCHtUOXwj4WV');
insert into admin (admin_name, admin_id, admin_email, admin_password) values ('Arlyn Shipley', 46, 'ashipley19@newyorker.com', 'PiyUKNo');
insert into admin (admin_name, admin_id, admin_email, admin_password) values ('Mariette Le Fleming', 47, 'mle1a@wordpress.org', 'wIUUoSSm');
insert into admin (admin_name, admin_id, admin_email, admin_password) values ('Abbe O''Keaveny', 48, 'aokeaveny1b@prweb.com', 'UkQ6UywgCX');
insert into admin (admin_name, admin_id, admin_email, admin_password) values ('Ricard Kleinfeld', 49, 'rkleinfeld1c@yellowbook.com', 'YJWuprl0');
insert into admin (admin_name, admin_id, admin_email, admin_password) values ('Zelma Detoile', 50, 'zdetoile1d@taobao.com', 'itP4X6g1');
insert into admin (admin_name, admin_id, admin_email, admin_password) values ('Lenard Wombwell', 51, 'lwombwell1e@nasa.gov', 'eUGIt4ZW5t');
insert into admin (admin_name, admin_id, admin_email, admin_password) values ('Odelinda Dangl', 52, 'odangl1f@mail.ru', 'gimARs');
insert into admin (admin_name, admin_id, admin_email, admin_password) values ('Adoree Gleave', 53, 'agleave1g@w3.org', 'WhM6clR');
insert into admin (admin_name, admin_id, admin_email, admin_password) values ('Myrilla Minget', 54, 'mminget1h@slideshare.net', 'w9s31E');
insert into admin (admin_name, admin_id, admin_email, admin_password) values ('Raychel Garbott', 55, 'rgarbott1i@sitemeter.com', 'TJP4H4tx');
insert into admin (admin_name, admin_id, admin_email, admin_password) values ('Jacklyn Aglione', 56, 'jaglione1j@springer.com', 'jh4iunJ8');
insert into admin (admin_name, admin_id, admin_email, admin_password) values ('Briney Jacquest', 57, 'bjacquest1k@senate.gov', '5z4R1CYxJ');
insert into admin (admin_name, admin_id, admin_email, admin_password) values ('Arch McCrackan', 58, 'amccrackan1l@sbwire.com', 'kzQcEhv');
insert into admin (admin_name, admin_id, admin_email, admin_password) values ('Lawrence Latta', 59, 'llatta1m@ocn.ne.jp', '8oiwbY76F');
insert into admin (admin_name, admin_id, admin_email, admin_password) values ('Harwilll Simms', 60, 'hsimms1n@ed.gov', 'lEytZpLlTK');
insert into admin (admin_name, admin_id, admin_email, admin_password) values ('Kingston Kiddy', 61, 'kkiddy1o@goo.ne.jp', 'iF13Ruy');
insert into admin (admin_name, admin_id, admin_email, admin_password) values ('Priscella Andrelli', 62, 'pandrelli1p@feedburner.com', 'C6R3WpKemGb');
insert into admin (admin_name, admin_id, admin_email, admin_password) values ('Artemas Dumbleton', 63, 'adumbleton1q@elegantthemes.com', 'WFPd1Fv');
insert into admin (admin_name, admin_id, admin_email, admin_password) values ('Dorisa Koopman', 64, 'dkoopman1r@smugmug.com', 'GSZkM27');
insert into admin (admin_name, admin_id, admin_email, admin_password) values ('Caren Achrameev', 65, 'cachrameev1s@shareasale.com', 'LbbvuanXe');
insert into admin (admin_name, admin_id, admin_email, admin_password) values ('Ardelle Copin', 66, 'acopin1t@acquirethisname.com', 'WrKezS1');
insert into admin (admin_name, admin_id, admin_email, admin_password) values ('Dulcy Matantsev', 67, 'dmatantsev1u@indiegogo.com', 'nxKfq0uhV');
insert into admin (admin_name, admin_id, admin_email, admin_password) values ('Elaina Truss', 68, 'etruss1v@vimeo.com', 'sSu3USYr');
insert into admin (admin_name, admin_id, admin_email, admin_password) values ('Suzi Pohlke', 69, 'spohlke1w@npr.org', '9hA20bASkB');
insert into admin (admin_name, admin_id, admin_email, admin_password) values ('Walther Germon', 70, 'wgermon1x@google.ru', 'jOZV57mG7');
insert into admin (admin_name, admin_id, admin_email, admin_password) values ('Sergei Kernar', 71, 'skernar1y@ustream.tv', 'CGxMayXHRbq');
insert into admin (admin_name, admin_id, admin_email, admin_password) values ('Drugi Sharma', 72, 'dsharma1z@craigslist.org', 'VLbYRU3');
insert into admin (admin_name, admin_id, admin_email, admin_password) values ('Zandra Drissell', 73, 'zdrissell20@desdev.cn', 'UYdfOLhki6W');
insert into admin (admin_name, admin_id, admin_email, admin_password) values ('Evangelina Dinley', 74, 'edinley21@indiegogo.com', 'FGMn0lE');
insert into admin (admin_name, admin_id, admin_email, admin_password) values ('Dewey Kent', 75, 'dkent22@patch.com', 'cgbe7t0VqYY4');
insert into admin (admin_name, admin_id, admin_email, admin_password) values ('Clayborn Limeburn', 76, 'climeburn23@slashdot.org', 'lYrBNFEYvLcd');
insert into admin (admin_name, admin_id, admin_email, admin_password) values ('Cynthy Bummfrey', 77, 'cbummfrey24@scientificamerican.com', 'jqyLKNra');
insert into admin (admin_name, admin_id, admin_email, admin_password) values ('Ida Burch', 78, 'iburch25@creativecommons.org', 'cvNUfxk');
insert into admin (admin_name, admin_id, admin_email, admin_password) values ('Paige Sture', 79, 'psture26@merriam-webster.com', 'lAOTXvGT');
insert into admin (admin_name, admin_id, admin_email, admin_password) values ('Curcio Thomson', 80, 'cthomson27@businessinsider.com', 'J9yecGKx');
insert into admin (admin_name, admin_id, admin_email, admin_password) values ('Ardelle Binestead', 81, 'abinestead28@gnu.org', 'z8o4xTxT');
insert into admin (admin_name, admin_id, admin_email, admin_password) values ('Penrod Dumini', 82, 'pdumini29@aol.com', 'hko8vcc');
insert into admin (admin_name, admin_id, admin_email, admin_password) values ('Herbie Figgess', 83, 'hfiggess2a@surveymonkey.com', 'QIypobo');
insert into admin (admin_name, admin_id, admin_email, admin_password) values ('Gwyn Fonso', 84, 'gfonso2b@furl.net', 'IKYG88');
insert into admin (admin_name, admin_id, admin_email, admin_password) values ('Carolee Twydell', 85, 'ctwydell2c@hud.gov', 'QOwhekYUSYl');
insert into admin (admin_name, admin_id, admin_email, admin_password) values ('Fred Andriolli', 86, 'fandriolli2d@dell.com', 'ymkQHrvK6gv');
insert into admin (admin_name, admin_id, admin_email, admin_password) values ('Orlan Halpeine', 87, 'ohalpeine2e@ycombinator.com', 'h4Vb9ybyfnc');
insert into admin (admin_name, admin_id, admin_email, admin_password) values ('Tate Insoll', 88, 'tinsoll2f@cbslocal.com', 'Qw4AZU0E');
insert into admin (admin_name, admin_id, admin_email, admin_password) values ('Beryl Mylan', 89, 'bmylan2g@dell.com', 'fuar08');
insert into admin (admin_name, admin_id, admin_email, admin_password) values ('Fanya Lockton', 90, 'flockton2h@paypal.com', '1JNYfgn');
insert into admin (admin_name, admin_id, admin_email, admin_password) values ('Myrtice Christal', 91, 'mchristal2i@ning.com', 'NQHbM2IBj');
insert into admin (admin_name, admin_id, admin_email, admin_password) values ('Dina Edginton', 92, 'dedginton2j@timesonline.co.uk', 'juGisbHtvOHn');
insert into admin (admin_name, admin_id, admin_email, admin_password) values ('Chalmers Halkyard', 93, 'chalkyard2k@baidu.com', 'ZXFYXfT');
insert into admin (admin_name, admin_id, admin_email, admin_password) values ('Rob Tremberth', 94, 'rtremberth2l@engadget.com', 'HnRPRpt');
insert into admin (admin_name, admin_id, admin_email, admin_password) values ('Melany Postans', 95, 'mpostans2m@dailymotion.com', 'YHKoKZt');
insert into admin (admin_name, admin_id, admin_email, admin_password) values ('Veronike Iveson', 96, 'viveson2n@blogtalkradio.com', '1EL0wNcQiwUv');
insert into admin (admin_name, admin_id, admin_email, admin_password) values ('Stacee MacGarrity', 97, 'smacgarrity2o@java.com', 'ipSG5RwrC');
insert into admin (admin_name, admin_id, admin_email, admin_password) values ('Dougy Chantree', 98, 'dchantree2p@biglobe.ne.jp', '9MD1L5yC0I');
insert into admin (admin_name, admin_id, admin_email, admin_password) values ('Tabatha Springthorp', 99, 'tspringthorp2q@msu.edu', 'pTkgkM4Co9');
insert into admin (admin_name, admin_id, admin_email, admin_password) values ('Brigitte Drejer', 100, 'bdrejer2r@globo.com', 'mtFmwEEb3e9');

insert into customer (customer_id, customer_name, mobile_no, email, customer_password, address, city, state, pincode, membership, wallet) values (1, 'Sallyanne Potbury', '368-580-7816', 'spotbury0@imgur.com', 'xpIUhbV3E', 'Room 424', 'Kozel’shchyna', null, null, 'normal', 1548);
insert into customer (customer_id, customer_name, mobile_no, email, customer_password, address, city, state, pincode, membership, wallet) values (2, 'Nedda Grissett', '239-393-6118', 'ngrissett1@privacy.gov.au', 'VKthwZr', 'Suite 43', 'Youxikou', null, null, 'normal', 2928);
insert into customer (customer_id, customer_name, mobile_no, email, customer_password, address, city, state, pincode, membership, wallet) values (3, 'Fionna Milius', '752-621-6267', 'fmilius2@usda.gov', 'srvdZy05MFC0', 'PO Box 72114', 'Jawornik', null, '38-112', 'elite', 6522);
insert into customer (customer_id, customer_name, mobile_no, email, customer_password, address, city, state, pincode, membership, wallet) values (4, 'Denis Franciskiewicz', '258-419-6227', 'dfranciskiewicz3@nhs.uk', 'GwBckJ', 'Apt 152', 'Doljevac', null, null, 'elite', 6825);
insert into customer (customer_id, customer_name, mobile_no, email, customer_password, address, city, state, pincode, membership, wallet) values (5, 'Galvan Scholar', '654-558-2177', 'gscholar4@pcworld.com', 'gy5aEL', '11th Floor', 'Lyntupy', null, null, 'prime', 1256);
insert into customer (customer_id, customer_name, mobile_no, email, customer_password, address, city, state, pincode, membership, wallet) values (6, 'Percival Forst', '728-131-3730', 'pforst5@hatena.ne.jp', 'evJXSp7', 'PO Box 63059', 'Katunayaka', null, '11558', 'normal', 6489);
insert into customer (customer_id, customer_name, mobile_no, email, customer_password, address, city, state, pincode, membership, wallet) values (7, 'Caralie Seville', '882-517-1325', 'cseville6@nih.gov', 'UrnuuWdF', 'Suite 78', 'San Eugenio', null, '2503', 'normal', 3965);
insert into customer (customer_id, customer_name, mobile_no, email, customer_password, address, city, state, pincode, membership, wallet) values (8, 'Rob Marioneau', '538-107-6088', 'rmarioneau7@unc.edu', 'FiU3la', 'PO Box 54071', 'Zürich', 'Kanton Zürich', '8004', 'prime', 2171);
insert into customer (customer_id, customer_name, mobile_no, email, customer_password, address, city, state, pincode, membership, wallet) values (9, 'Tabbi Joinsey', '463-566-6124', 'tjoinsey8@usa.gov', 'dIrCVDJZ', 'Suite 78', 'Harembo', null, null, 'prime', 6494);
insert into customer (customer_id, customer_name, mobile_no, email, customer_password, address, city, state, pincode, membership, wallet) values (10, 'Cinderella Donhardt', '595-500-6925', 'cdonhardt9@psu.edu', '4CwVDL7O', 'Suite 30', 'José de Freitas', null, '64110-000', 'prime', 8279);
insert into customer (customer_id, customer_name, mobile_no, email, customer_password, address, city, state, pincode, membership, wallet) values (11, 'Taddeo Ryrie', '186-515-6435', 'tryriea@army.mil', '5vaLYT5xVUoP', 'Apt 1663', 'Shangping', null, null, 'prime', 6063);
insert into customer (customer_id, customer_name, mobile_no, email, customer_password, address, city, state, pincode, membership, wallet) values (12, 'Amalita Garr', '741-281-4633', 'agarrb@google.ca', 'iCiWzk8ZJ', 'Suite 56', 'Yangjiafang', null, null, 'normal', 7323);
insert into customer (customer_id, customer_name, mobile_no, email, customer_password, address, city, state, pincode, membership, wallet) values (13, 'Hettie Denerley', '749-405-6585', 'hdenerleyc@goo.ne.jp', 'Z76udzu', 'PO Box 75502', 'Klagen', null, null, 'elite', 6946);
insert into customer (customer_id, customer_name, mobile_no, email, customer_password, address, city, state, pincode, membership, wallet) values (14, 'Gorden Giorgioni', '790-849-1797', 'ggiorgionid@jigsy.com', 'UOs6BjgJ', 'Apt 475', 'La Unión', null, null, 'elite', 7115);
insert into customer (customer_id, customer_name, mobile_no, email, customer_password, address, city, state, pincode, membership, wallet) values (15, 'Keir Zaniolo', '858-929-2626', 'kzanioloe@paginegialle.it', '6uQyAkaHYv', 'Suite 97', 'Buga', null, null, 'elite', 7290);
insert into customer (customer_id, customer_name, mobile_no, email, customer_password, address, city, state, pincode, membership, wallet) values (16, 'Mohandis Richardsson', '299-152-5210', 'mrichardssonf@huffingtonpost.com', 'sK7MrpE8uBV', 'Room 115', 'A dos Cunhados', 'Lisboa', '2560-028', 'normal', 3781);
insert into customer (customer_id, customer_name, mobile_no, email, customer_password, address, city, state, pincode, membership, wallet) values (17, 'Brennen Naylor', '248-360-4631', 'bnaylorg@cam.ac.uk', 'dQfaU9GgsW6A', 'PO Box 49035', 'Shuixi', null, null, 'normal', 7461);
insert into customer (customer_id, customer_name, mobile_no, email, customer_password, address, city, state, pincode, membership, wallet) values (18, 'Malanie Czajkowska', '961-737-2322', 'mczajkowskah@wordpress.org', 'FkK2uZ', 'Suite 79', 'Sionogan', null, '1104', 'normal', 6463);
insert into customer (customer_id, customer_name, mobile_no, email, customer_password, address, city, state, pincode, membership, wallet) values (19, 'Livvy Culley', '526-240-1110', 'lculleyi@umn.edu', '51w82IFb4w69', 'Suite 96', 'Long Xuyên', null, null, 'elite', 1136);
insert into customer (customer_id, customer_name, mobile_no, email, customer_password, address, city, state, pincode, membership, wallet) values (20, 'Clementina Lints', '885-108-3060', 'clintsj@cnet.com', 'SdbldjVZTK', 'Apt 386', 'Bethanie', null, null, 'prime', 2939);
insert into customer (customer_id, customer_name, mobile_no, email, customer_password, address, city, state, pincode, membership, wallet) values (21, 'Harlene Woolis', '382-727-2342', 'hwoolisk@boston.com', 'YRb3SKJwUD', 'Room 630', 'Jarada', null, null, 'prime', 8397);
insert into customer (customer_id, customer_name, mobile_no, email, customer_password, address, city, state, pincode, membership, wallet) values (22, 'Kirsten Bedder', '836-175-6146', 'kbedderl@miibeian.gov.cn', '5d59L5Cjpq', 'Suite 70', 'Dongzhou', null, null, 'prime', 8563);
insert into customer (customer_id, customer_name, mobile_no, email, customer_password, address, city, state, pincode, membership, wallet) values (23, 'Billie Wafer', '534-761-6899', 'bwaferm@joomla.org', 'QA4zAcvXS', 'Apt 611', 'Shīnḏanḏ', null, null, 'normal', 2827);
insert into customer (customer_id, customer_name, mobile_no, email, customer_password, address, city, state, pincode, membership, wallet) values (24, 'See Tow', '489-950-3349', 'stown@intel.com', '665qgO9Lvec', 'Apt 503', 'Zhongshangang', null, null, 'prime', 9453);
insert into customer (customer_id, customer_name, mobile_no, email, customer_password, address, city, state, pincode, membership, wallet) values (25, 'Bron Lempertz', '689-848-1969', 'blempertzo@goodreads.com', '9q6AQc4fg', 'PO Box 62221', 'Bromölla', 'Skåne', '295 37', 'normal', 1094);
insert into customer (customer_id, customer_name, mobile_no, email, customer_password, address, city, state, pincode, membership, wallet) values (26, 'Wallache Funcheon', '579-600-6056', 'wfuncheonp@nymag.com', 'ZeF5rNCs4', '20th Floor', 'Barwałd Górny', null, '34-103', 'normal', 9887);
insert into customer (customer_id, customer_name, mobile_no, email, customer_password, address, city, state, pincode, membership, wallet) values (27, 'Lilias Cunio', '217-962-1362', 'lcunioq@sciencedirect.com', '0lKsSPhvY', 'Apt 1230', 'Tsukawaki', null, '879-4413', 'prime', 1829);
insert into customer (customer_id, customer_name, mobile_no, email, customer_password, address, city, state, pincode, membership, wallet) values (28, 'Martelle Knivett', '486-380-9619', 'mknivettr@furl.net', 'tafo4QO', '20th Floor', 'Utrecht (stad)', 'Provincie Utrecht', '3502', 'prime', 8559);
insert into customer (customer_id, customer_name, mobile_no, email, customer_password, address, city, state, pincode, membership, wallet) values (29, 'Case Barwis', '275-366-0040', 'cbarwiss@issuu.com', 'uKGNwdAh8hY', 'Apt 244', 'Magitang', null, null, 'prime', 4072);
insert into customer (customer_id, customer_name, mobile_no, email, customer_password, address, city, state, pincode, membership, wallet) values (30, 'Lianna McQuin', '729-780-5824', 'lmcquint@squarespace.com', 'WLJRfJ0v', 'PO Box 70187', 'Aseri', null, null, 'elite', 4038);
insert into customer (customer_id, customer_name, mobile_no, email, customer_password, address, city, state, pincode, membership, wallet) values (31, 'Corabel De Bernardi', '408-349-0560', 'cdeu@auda.org.au', '85bHIo', 'Apt 1872', 'Sanli', null, null, 'elite', 5507);
insert into customer (customer_id, customer_name, mobile_no, email, customer_password, address, city, state, pincode, membership, wallet) values (32, 'Joete Kibard', '568-805-0153', 'jkibardv@mozilla.org', 'wYh6reKm6FV5', 'Room 288', 'Combapata', null, null, 'elite', 8387);
insert into customer (customer_id, customer_name, mobile_no, email, customer_password, address, city, state, pincode, membership, wallet) values (33, 'Tadd Werndly', '353-496-5726', 'twerndlyw@twitpic.com', 'zbarnd', '16th Floor', 'Heishui', null, null, 'prime', 4089);
insert into customer (customer_id, customer_name, mobile_no, email, customer_password, address, city, state, pincode, membership, wallet) values (34, 'Joellen Denyagin', '722-232-2544', 'jdenyaginx@studiopress.com', 'pTexn30A5nt', 'Room 75', 'Quba', null, null, 'elite', 1293);
insert into customer (customer_id, customer_name, mobile_no, email, customer_password, address, city, state, pincode, membership, wallet) values (35, 'Laney Pomphrey', '168-255-4578', 'lpomphreyy@github.com', 'NrBcm2nhnB', 'Room 1489', 'Vredendal', null, '8207', 'prime', 8210);
insert into customer (customer_id, customer_name, mobile_no, email, customer_password, address, city, state, pincode, membership, wallet) values (36, 'Peta Drover', '723-932-7647', 'pdroverz@ehow.com', 'MqE9GNtg', 'Apt 1828', 'Mori', null, '993-0073', 'elite', 9106);
insert into customer (customer_id, customer_name, mobile_no, email, customer_password, address, city, state, pincode, membership, wallet) values (37, 'Kai Colly', '538-916-1657', 'kcolly10@twitpic.com', 'XKcO6Ur80i', 'Room 709', 'Krzczonów', null, '32-435', 'elite', 7591);
insert into customer (customer_id, customer_name, mobile_no, email, customer_password, address, city, state, pincode, membership, wallet) values (38, 'Lyndell Ibbitson', '344-693-3050', 'libbitson11@blog.com', 'ONaRvcqxfQl', 'Apt 1650', 'Balaka', null, null, 'normal', 7448);
insert into customer (customer_id, customer_name, mobile_no, email, customer_password, address, city, state, pincode, membership, wallet) values (39, 'Ki Sloper', '775-992-5943', 'ksloper12@networksolutions.com', '4gJoOYf', 'Room 754', 'Longcheng', null, null, 'prime', 6735);
insert into customer (customer_id, customer_name, mobile_no, email, customer_password, address, city, state, pincode, membership, wallet) values (40, 'Alejandrina Thow', '927-333-8920', 'athow13@unc.edu', 'nMYzo94Rh', 'Apt 1172', 'Maae', null, null, 'elite', 3301);
insert into customer (customer_id, customer_name, mobile_no, email, customer_password, address, city, state, pincode, membership, wallet) values (41, 'Noel Wrenn', '471-585-8790', 'nwrenn14@cbc.ca', 'BPSslX9KAI', 'Room 1962', 'Yumendong', null, null, 'elite', 3824);
insert into customer (customer_id, customer_name, mobile_no, email, customer_password, address, city, state, pincode, membership, wallet) values (42, 'Jasmina Crepin', '975-803-3678', 'jcrepin15@omniture.com', 'fbiMt7', 'Apt 892', 'Higashimurayama-shi', null, '359-1144', 'prime', 4120);
insert into customer (customer_id, customer_name, mobile_no, email, customer_password, address, city, state, pincode, membership, wallet) values (43, 'Cynthie Titterrell', '714-382-8132', 'ctitterrell16@imgur.com', 'UJqdCTf', 'Apt 1294', 'Concepción', null, null, 'prime', 650);
insert into customer (customer_id, customer_name, mobile_no, email, customer_password, address, city, state, pincode, membership, wallet) values (44, 'Victoria Hallet', '149-920-1555', 'vhallet17@guardian.co.uk', 'wYvnIolCIN', '7th Floor', 'Álimos', null, null, 'elite', 9177);
insert into customer (customer_id, customer_name, mobile_no, email, customer_password, address, city, state, pincode, membership, wallet) values (45, 'Bertie Gaither', '945-785-6385', 'bgaither18@sourceforge.net', 'CfHlZil6f0', 'Apt 576', 'Tikhvin', null, '187557', 'normal', 9642);
insert into customer (customer_id, customer_name, mobile_no, email, customer_password, address, city, state, pincode, membership, wallet) values (46, 'Xymenes Eaddy', '153-275-1262', 'xeaddy19@washingtonpost.com', 'YJVtn3k9RUNK', 'Room 521', 'Svetogorsk', null, '188992', 'elite', 6603);
insert into customer (customer_id, customer_name, mobile_no, email, customer_password, address, city, state, pincode, membership, wallet) values (47, 'Iseabal De La Salle', '501-902-1739', 'ide1a@archive.org', 'a8N0mjf8', '17th Floor', 'Belo Blato', null, null, 'normal', 6932);
insert into customer (customer_id, customer_name, mobile_no, email, customer_password, address, city, state, pincode, membership, wallet) values (48, 'Eddy Szymon', '206-337-7443', 'eszymon1b@economist.com', 'QnPeBJH7e8', '13th Floor', 'Seattle', 'Washington', '98175', 'elite', 2948);
insert into customer (customer_id, customer_name, mobile_no, email, customer_password, address, city, state, pincode, membership, wallet) values (49, 'Joyous Isac', '511-484-2200', 'jisac1c@ow.ly', 'P0GAkBcOW', 'PO Box 37919', 'Miracema', null, '28460-000', 'normal', 5469);
insert into customer (customer_id, customer_name, mobile_no, email, customer_password, address, city, state, pincode, membership, wallet) values (50, 'Reyna Lace', '330-411-3526', 'rlace1d@tamu.edu', 'tFQ6BMYVyzn8', 'Apt 480', 'Bobo-Dioulasso', null, null, 'normal', 1849);
insert into customer (customer_id, customer_name, mobile_no, email, customer_password, address, city, state, pincode, membership, wallet) values (51, 'Josefina Hayward', '366-366-8922', 'jhayward1e@e-recht24.de', 'wgYZ5hB5', '16th Floor', 'Zaječov', null, '267 63', 'prime', 6036);
insert into customer (customer_id, customer_name, mobile_no, email, customer_password, address, city, state, pincode, membership, wallet) values (52, 'Claudia Leyfield', '998-823-0820', 'cleyfield1f@ibm.com', 'tdC7WqZjc', 'PO Box 87968', 'Rambatan', null, null, 'normal', 4120);
insert into customer (customer_id, customer_name, mobile_no, email, customer_password, address, city, state, pincode, membership, wallet) values (53, 'Catherin Giraldo', '937-924-2471', 'cgiraldo1g@storify.com', '2Q5n9db7270R', 'Room 208', 'Hexia', null, null, 'prime', 2577);
insert into customer (customer_id, customer_name, mobile_no, email, customer_password, address, city, state, pincode, membership, wallet) values (54, 'Amata Haddrill', '943-825-4258', 'ahaddrill1h@shop-pro.jp', 'uRZyWUp5pxj', 'Suite 24', 'Dingbu', null, null, 'elite', 2289);
insert into customer (customer_id, customer_name, mobile_no, email, customer_password, address, city, state, pincode, membership, wallet) values (55, 'Dieter Eakeley', '278-380-2997', 'deakeley1i@nationalgeographic.com', 'lXD3AqNL', 'Apt 503', 'Banjar Swastika', null, null, 'elite', 8807);
insert into customer (customer_id, customer_name, mobile_no, email, customer_password, address, city, state, pincode, membership, wallet) values (56, 'Fraser Fitzpatrick', '993-847-9510', 'ffitzpatrick1j@cafepress.com', 'YJ7BNWl', '9th Floor', 'Sheffield', 'England', 'S1', 'prime', 4351);
insert into customer (customer_id, customer_name, mobile_no, email, customer_password, address, city, state, pincode, membership, wallet) values (57, 'Carolina Frankham', '360-661-0915', 'cfrankham1k@bing.com', 'CFS6lNG8T', 'Room 1073', 'Nymburk', null, '288 02', 'elite', 3499);
insert into customer (customer_id, customer_name, mobile_no, email, customer_password, address, city, state, pincode, membership, wallet) values (58, 'Anne Bullimore', '463-412-4810', 'abullimore1l@usda.gov', 'Fud5ce', 'Apt 362', 'Xilinji', null, null, 'normal', 2429);
insert into customer (customer_id, customer_name, mobile_no, email, customer_password, address, city, state, pincode, membership, wallet) values (59, 'Vaclav Suddock', '404-968-9602', 'vsuddock1m@ning.com', '6D9czY', 'Apt 701', 'Zaječov', null, '267 63', 'normal', 8389);
insert into customer (customer_id, customer_name, mobile_no, email, customer_password, address, city, state, pincode, membership, wallet) values (60, 'Perry Alenin', '227-601-2020', 'palenin1n@hibu.com', 'pFAsfreF3', '6th Floor', 'Gbawe', null, null, 'normal', 4731);
insert into customer (customer_id, customer_name, mobile_no, email, customer_password, address, city, state, pincode, membership, wallet) values (61, 'Conchita Churn', '612-732-9673', 'cchurn1o@etsy.com', 'rVI1tb', 'Room 833', 'Carcassonne', 'Languedoc-Roussillon', '11860 CEDEX 9', 'normal', 882);
insert into customer (customer_id, customer_name, mobile_no, email, customer_password, address, city, state, pincode, membership, wallet) values (62, 'Stearn Shank', '429-143-8281', 'sshank1p@cmu.edu', 'JGkLACmouNI', 'Room 969', 'Krajan Karanganyar', null, null, 'prime', 3470);
insert into customer (customer_id, customer_name, mobile_no, email, customer_password, address, city, state, pincode, membership, wallet) values (63, 'Aurie Anetts', '449-146-0334', 'aanetts1q@bing.com', 'M1fsSVhtke', '17th Floor', 'Balitoc', null, '1111', 'normal', 9783);
insert into customer (customer_id, customer_name, mobile_no, email, customer_password, address, city, state, pincode, membership, wallet) values (64, 'Sarena August', '809-717-8414', 'saugust1r@foxnews.com', 'RNvLZWQgMzd', '19th Floor', 'Narimanov', null, '627306', 'prime', 4877);
insert into customer (customer_id, customer_name, mobile_no, email, customer_password, address, city, state, pincode, membership, wallet) values (65, 'Fanchon Siddle', '632-466-8681', 'fsiddle1s@dion.ne.jp', '0seuJu', 'Room 788', 'Mazhu', null, null, 'prime', 9522);
insert into customer (customer_id, customer_name, mobile_no, email, customer_password, address, city, state, pincode, membership, wallet) values (66, 'Olivero Schulken', '604-254-8123', 'oschulken1t@tripadvisor.com', 'xhECDFaRw8u', 'Room 957', 'Skrzydlna', null, '34-625', 'normal', 5602);
insert into customer (customer_id, customer_name, mobile_no, email, customer_password, address, city, state, pincode, membership, wallet) values (67, 'Alphonso Trebble', '116-107-5979', 'atrebble1u@usda.gov', 'vnDVUiVIGUQA', 'Suite 60', 'Poljčane', null, '2319', 'elite', 621);
insert into customer (customer_id, customer_name, mobile_no, email, customer_password, address, city, state, pincode, membership, wallet) values (68, 'Candy Grunbaum', '856-321-8186', 'cgrunbaum1v@ow.ly', '7Yge9lT8L', 'Suite 35', 'Kambing', null, '4430', 'normal', 1995);
insert into customer (customer_id, customer_name, mobile_no, email, customer_password, address, city, state, pincode, membership, wallet) values (69, 'Vivie Maharry', '212-839-4599', 'vmaharry1w@huffingtonpost.com', 'Oj9EBvl7b2', 'Apt 151', 'Palma Soriano', null, null, 'normal', 7707);
insert into customer (customer_id, customer_name, mobile_no, email, customer_password, address, city, state, pincode, membership, wallet) values (70, 'Antonino Rigolle', '309-710-5739', 'arigolle1x@t.co', 'vYFgWE4PRKu3', 'Apt 1148', 'Yuankeng', null, null, 'normal', 8313);
insert into customer (customer_id, customer_name, mobile_no, email, customer_password, address, city, state, pincode, membership, wallet) values (71, 'Tore Sandy', '897-466-1898', 'tsandy1y@netscape.com', 'ALtOoIDDJXq', 'Room 172', 'Huangze', null, null, 'prime', 1521);
insert into customer (customer_id, customer_name, mobile_no, email, customer_password, address, city, state, pincode, membership, wallet) values (72, 'Niles Claypole', '311-997-1289', 'nclaypole1z@twitpic.com', '3fokZe6Ax', 'PO Box 19311', 'Caridad', null, '1607', 'prime', 7831);
insert into customer (customer_id, customer_name, mobile_no, email, customer_password, address, city, state, pincode, membership, wallet) values (73, 'Felisha Whitworth', '739-971-0067', 'fwhitworth20@redcross.org', 'RS4Xrw', 'Suite 38', 'Made', null, null, 'normal', 3584);
insert into customer (customer_id, customer_name, mobile_no, email, customer_password, address, city, state, pincode, membership, wallet) values (74, 'Nessa Ilchuk', '451-156-8957', 'nilchuk21@accuweather.com', 'Ss3BBhOkfa1R', 'PO Box 54085', 'Ajung', null, null, 'normal', 7594);
insert into customer (customer_id, customer_name, mobile_no, email, customer_password, address, city, state, pincode, membership, wallet) values (75, 'Colette Goldsby', '239-162-5778', 'cgoldsby22@wikimedia.org', 'AwZHiGxwLTv', '20th Floor', 'Tsukumiura', null, '879-2413', 'normal', 4628);
insert into customer (customer_id, customer_name, mobile_no, email, customer_password, address, city, state, pincode, membership, wallet) values (76, 'Ferdy Lozano', '788-763-3171', 'flozano23@fc2.com', 'kwdtHlMGEb', 'Room 1015', 'Kaiama', null, null, 'prime', 4083);
insert into customer (customer_id, customer_name, mobile_no, email, customer_password, address, city, state, pincode, membership, wallet) values (77, 'Nikos Arman', '817-192-4877', 'narman24@usda.gov', '3YZPqvP5gdz', '19th Floor', 'Fort Worth', 'Texas', '76110', 'elite', 6000);
insert into customer (customer_id, customer_name, mobile_no, email, customer_password, address, city, state, pincode, membership, wallet) values (78, 'Carla Walenta', '657-839-7253', 'cwalenta25@si.edu', 'CyhVQh', 'Apt 1298', 'Kolpny', null, '303759', 'prime', 5860);
insert into customer (customer_id, customer_name, mobile_no, email, customer_password, address, city, state, pincode, membership, wallet) values (79, 'Rossy Corkett', '230-217-6625', 'rcorkett26@mayoclinic.com', 'SI7Iknmi', '7th Floor', 'Pesucen', null, null, 'prime', 8016);
insert into customer (customer_id, customer_name, mobile_no, email, customer_password, address, city, state, pincode, membership, wallet) values (80, 'Ichabod Kuhle', '608-927-4969', 'ikuhle27@thetimes.co.uk', '0TT54s9kV', 'PO Box 57618', 'Krajan', null, null, 'elite', 3652);
insert into customer (customer_id, customer_name, mobile_no, email, customer_password, address, city, state, pincode, membership, wallet) values (81, 'Rolph Rabbitt', '147-149-3793', 'rrabbitt28@omniture.com', 'Q2N2DsOBG', 'Room 1172', 'Saint-Germain-en-Laye', 'Île-de-France', '78105 CEDEX', 'elite', 4634);
insert into customer (customer_id, customer_name, mobile_no, email, customer_password, address, city, state, pincode, membership, wallet) values (82, 'Malva Hubery', '973-609-1713', 'mhubery29@hao123.com', 'gLBrL4ILS', '14th Floor', 'Strängnäs', 'Södermanland', '645 84', 'prime', 2080);
insert into customer (customer_id, customer_name, mobile_no, email, customer_password, address, city, state, pincode, membership, wallet) values (83, 'Henryetta Cuffe', '960-231-4646', 'hcuffe2a@java.com', 'pNyOW3MgIDo', 'Room 1100', 'Nantes', 'Pays de la Loire', '44916 CEDEX 9', 'prime', 8055);
insert into customer (customer_id, customer_name, mobile_no, email, customer_password, address, city, state, pincode, membership, wallet) values (84, 'Malena Cronshaw', '622-876-3089', 'mcronshaw2b@twitter.com', 'rwzRrY', '12th Floor', 'Amagi', null, '891-7611', 'normal', 9056);
insert into customer (customer_id, customer_name, mobile_no, email, customer_password, address, city, state, pincode, membership, wallet) values (85, 'Hilde Mullany', '157-739-9577', 'hmullany2c@dagondesign.com', '9WtMIjxp', '12th Floor', 'El Corozo', null, null, 'prime', 885);
insert into customer (customer_id, customer_name, mobile_no, email, customer_password, address, city, state, pincode, membership, wallet) values (86, 'Gipsy Bonwell', '293-225-1725', 'gbonwell2d@google.it', 'YsOhG6ww9Sv', 'Room 429', 'Kawengan', null, null, 'prime', 984);
insert into customer (customer_id, customer_name, mobile_no, email, customer_password, address, city, state, pincode, membership, wallet) values (87, 'Ulrich Bahia', '540-379-1283', 'ubahia2e@ameblo.jp', 'BVu2y27CTa', 'Apt 1538', 'Enriquillo', null, '11606', 'normal', 4445);
insert into customer (customer_id, customer_name, mobile_no, email, customer_password, address, city, state, pincode, membership, wallet) values (88, 'Gene Husband', '671-709-6101', 'ghusband2f@google.de', 'csIHiS', 'Apt 976', '18 de Marzo', 'Veracruz Llave', '93294', 'normal', 5049);
insert into customer (customer_id, customer_name, mobile_no, email, customer_password, address, city, state, pincode, membership, wallet) values (89, 'Donni Bartali', '568-632-1060', 'dbartali2g@tinyurl.com', 'HZZchyk', '1st Floor', 'Jaro', null, '6527', 'prime', 8218);
insert into customer (customer_id, customer_name, mobile_no, email, customer_password, address, city, state, pincode, membership, wallet) values (90, 'Avram Assender', '187-333-2445', 'aassender2h@newsvine.com', 'Phd4zfPb', 'PO Box 89061', 'Carcassonne', 'Languedoc-Roussillon', '11020 CEDEX', 'prime', 1674);
insert into customer (customer_id, customer_name, mobile_no, email, customer_password, address, city, state, pincode, membership, wallet) values (91, 'Kim Raw', '176-715-9889', 'kraw2i@amazon.co.uk', 'ODmLLz0OTjKn', 'Suite 7', 'Los Boquerones', null, null, 'elite', 7219);
insert into customer (customer_id, customer_name, mobile_no, email, customer_password, address, city, state, pincode, membership, wallet) values (92, 'Samuel McCullum', '254-323-2585', 'smccullum2j@ibm.com', 'fv3MnOBO1Y', 'Apt 1421', 'Waco', 'Texas', '76705', 'normal', 3539);
insert into customer (customer_id, customer_name, mobile_no, email, customer_password, address, city, state, pincode, membership, wallet) values (93, 'Justinn Hafford', '352-488-1868', 'jhafford2k@nba.com', '3UuY841aNh', 'PO Box 62502', 'Pajé', null, null, 'prime', 8332);
insert into customer (customer_id, customer_name, mobile_no, email, customer_password, address, city, state, pincode, membership, wallet) values (94, 'Gabbey Ricards', '378-597-0563', 'gricards2l@hexun.com', '97iB4kgRb1', '7th Floor', 'Dahao', null, null, 'elite', 9319);
insert into customer (customer_id, customer_name, mobile_no, email, customer_password, address, city, state, pincode, membership, wallet) values (95, 'Anselm Boath', '812-130-8012', 'aboath2m@dagondesign.com', 'oM6hpL', 'Room 669', 'Masjed Soleymān', null, null, 'prime', 5887);
insert into customer (customer_id, customer_name, mobile_no, email, customer_password, address, city, state, pincode, membership, wallet) values (96, 'Law Quested', '244-560-6262', 'lquested2n@loc.gov', 'XiTkzL3', 'PO Box 73340', 'Stung Treng', null, null, 'normal', 7269);
insert into customer (customer_id, customer_name, mobile_no, email, customer_password, address, city, state, pincode, membership, wallet) values (97, 'Kirbee Mac Giolla Pheadair', '327-347-4536', 'kmac2o@altervista.org', 'FN4zDW8sVy4o', 'Apt 1407', 'Rābigh', null, null, 'normal', 6219);
insert into customer (customer_id, customer_name, mobile_no, email, customer_password, address, city, state, pincode, membership, wallet) values (98, 'Alexandre Pethick', '916-595-3291', 'apethick2p@alibaba.com', 'vVCkigoHH', 'Room 1506', 'Sacramento', 'California', '94297', 'prime', 5850);
insert into customer (customer_id, customer_name, mobile_no, email, customer_password, address, city, state, pincode, membership, wallet) values (99, 'Dru Woodrup', '474-633-3854', 'dwoodrup2q@techcrunch.com', 'XpodXzWlm14', 'Suite 45', 'Kičevo', null, '6262', 'prime', 8674);
insert into customer (customer_id, customer_name, mobile_no, email, customer_password, address, city, state, pincode, membership, wallet) values (100, 'Randi Gate', '567-213-1787', 'rgate2r@buzzfeed.com', 'OlkJ8ZwXTD', 'Room 226', 'Lages', null, '88500-000', 'normal', 7691);



insert into seller (seller_id, seller_name, seller_address) values (1, 'Craggy', 'Room 657');
insert into seller (seller_id, seller_name, seller_address) values (2, 'Corny', 'Room 1577');
insert into seller (seller_id, seller_name, seller_address) values (3, 'Aylmer', 'PO Box 59201');
insert into seller (seller_id, seller_name, seller_address) values (4, 'Sawyere', 'Suite 5');
insert into seller (seller_id, seller_name, seller_address) values (5, 'Dorthea', '11th Floor');
insert into seller (seller_id, seller_name, seller_address) values (6, 'Lennie', 'PO Box 34323');
insert into seller (seller_id, seller_name, seller_address) values (7, 'Nessie', 'Apt 495');
insert into seller (seller_id, seller_name, seller_address) values (8, 'Hale', '3rd Floor');
insert into seller (seller_id, seller_name, seller_address) values (9, 'Donella', 'PO Box 45305');
insert into seller (seller_id, seller_name, seller_address) values (10, 'Herculie', 'Apt 1312');
insert into seller (seller_id, seller_name, seller_address) values (11, 'Zacherie', 'Room 815');
insert into seller (seller_id, seller_name, seller_address) values (12, 'Vidovic', 'Apt 830');
insert into seller (seller_id, seller_name, seller_address) values (13, 'Pauly', 'Room 1504');
insert into seller (seller_id, seller_name, seller_address) values (14, 'Blair', '6th Floor');
insert into seller (seller_id, seller_name, seller_address) values (15, 'Leonid', 'Suite 95');
insert into seller (seller_id, seller_name, seller_address) values (16, 'Lydon', 'Apt 37');
insert into seller (seller_id, seller_name, seller_address) values (17, 'Geneva', '15th Floor');
insert into seller (seller_id, seller_name, seller_address) values (18, 'Rickert', 'Room 59');
insert into seller (seller_id, seller_name, seller_address) values (19, 'Johnath', '11th Floor');
insert into seller (seller_id, seller_name, seller_address) values (20, 'Davine', 'Apt 1635');
insert into seller (seller_id, seller_name, seller_address) values (21, 'Jaynell', 'Room 590');
insert into seller (seller_id, seller_name, seller_address) values (22, 'Yule', 'PO Box 57304');
insert into seller (seller_id, seller_name, seller_address) values (23, 'Tom', 'PO Box 77419');
insert into seller (seller_id, seller_name, seller_address) values (24, 'Camilla', 'PO Box 57694');
insert into seller (seller_id, seller_name, seller_address) values (25, 'Randy', 'Room 586');
insert into seller (seller_id, seller_name, seller_address) values (26, 'Joy', 'Room 806');
insert into seller (seller_id, seller_name, seller_address) values (27, 'Jemmie', 'Suite 19');
insert into seller (seller_id, seller_name, seller_address) values (28, 'Wilmar', 'Apt 1384');
insert into seller (seller_id, seller_name, seller_address) values (29, 'Pattie', 'Room 1713');
insert into seller (seller_id, seller_name, seller_address) values (30, 'Harvey', 'Room 1586');
insert into seller (seller_id, seller_name, seller_address) values (31, 'Bank', 'Room 1635');
insert into seller (seller_id, seller_name, seller_address) values (32, 'Rheta', 'Room 123');
insert into seller (seller_id, seller_name, seller_address) values (33, 'Lacee', '18th Floor');
insert into seller (seller_id, seller_name, seller_address) values (34, 'Nariko', 'Suite 4');
insert into seller (seller_id, seller_name, seller_address) values (35, 'Lanita', 'Suite 86');
insert into seller (seller_id, seller_name, seller_address) values (36, 'Robyn', 'Suite 31');
insert into seller (seller_id, seller_name, seller_address) values (37, 'Gusta', '12th Floor');
insert into seller (seller_id, seller_name, seller_address) values (38, 'Gawain', 'Apt 826');
insert into seller (seller_id, seller_name, seller_address) values (39, 'Chelsie', 'Room 701');
insert into seller (seller_id, seller_name, seller_address) values (40, 'Bjorn', 'Apt 1671');
insert into seller (seller_id, seller_name, seller_address) values (41, 'Catherine', 'Suite 98');
insert into seller (seller_id, seller_name, seller_address) values (42, 'Stan', 'Room 1410');
insert into seller (seller_id, seller_name, seller_address) values (43, 'Aileen', 'PO Box 577');
insert into seller (seller_id, seller_name, seller_address) values (44, 'Marietta', 'Room 1118');
insert into seller (seller_id, seller_name, seller_address) values (45, 'Bevan', 'Room 486');
insert into seller (seller_id, seller_name, seller_address) values (46, 'Jewel', 'Suite 100');
insert into seller (seller_id, seller_name, seller_address) values (47, 'Briano', 'Apt 525');
insert into seller (seller_id, seller_name, seller_address) values (48, 'Neila', 'Suite 96');
insert into seller (seller_id, seller_name, seller_address) values (49, 'Alphonse', 'PO Box 86941');
insert into seller (seller_id, seller_name, seller_address) values (50, 'Fenelia', 'Room 394');
insert into seller (seller_id, seller_name, seller_address) values (51, 'Franklyn', 'Suite 68');
insert into seller (seller_id, seller_name, seller_address) values (52, 'Hatty', 'Apt 443');
insert into seller (seller_id, seller_name, seller_address) values (53, 'Thibaut', 'PO Box 58286');
insert into seller (seller_id, seller_name, seller_address) values (54, 'Rogers', '16th Floor');
insert into seller (seller_id, seller_name, seller_address) values (55, 'Teodorico', '17th Floor');
insert into seller (seller_id, seller_name, seller_address) values (56, 'Kali', 'Room 1260');
insert into seller (seller_id, seller_name, seller_address) values (57, 'Trevor', '11th Floor');
insert into seller (seller_id, seller_name, seller_address) values (58, 'Helyn', '4th Floor');
insert into seller (seller_id, seller_name, seller_address) values (59, 'Gabriel', 'Suite 75');
insert into seller (seller_id, seller_name, seller_address) values (60, 'Barbi', '10th Floor');
insert into seller (seller_id, seller_name, seller_address) values (61, 'Ulises', 'Room 1734');
insert into seller (seller_id, seller_name, seller_address) values (62, 'Dorisa', '8th Floor');
insert into seller (seller_id, seller_name, seller_address) values (63, 'Pancho', '5th Floor');
insert into seller (seller_id, seller_name, seller_address) values (64, 'Alexine', 'Room 1772');
insert into seller (seller_id, seller_name, seller_address) values (65, 'Petronella', 'Suite 5');
insert into seller (seller_id, seller_name, seller_address) values (66, 'Raine', '1st Floor');
insert into seller (seller_id, seller_name, seller_address) values (67, 'Niki', 'Apt 1768');
insert into seller (seller_id, seller_name, seller_address) values (68, 'Angelle', 'Suite 48');
insert into seller (seller_id, seller_name, seller_address) values (69, 'Liva', 'Room 243');
insert into seller (seller_id, seller_name, seller_address) values (70, 'Francklyn', 'Suite 94');
insert into seller (seller_id, seller_name, seller_address) values (71, 'Christiano', 'PO Box 35683');
insert into seller (seller_id, seller_name, seller_address) values (72, 'Kaja', 'PO Box 19941');
insert into seller (seller_id, seller_name, seller_address) values (73, 'Brandy', 'PO Box 80137');
insert into seller (seller_id, seller_name, seller_address) values (74, 'Mylo', 'Room 1940');
insert into seller (seller_id, seller_name, seller_address) values (75, 'Gordon', 'Apt 1070');
insert into seller (seller_id, seller_name, seller_address) values (76, 'Valera', 'Apt 1630');
insert into seller (seller_id, seller_name, seller_address) values (77, 'Sheffie', '15th Floor');
insert into seller (seller_id, seller_name, seller_address) values (78, 'Mitzi', 'Suite 9');
insert into seller (seller_id, seller_name, seller_address) values (79, 'Shandeigh', '17th Floor');
insert into seller (seller_id, seller_name, seller_address) values (80, 'Cherey', 'Room 263');
insert into seller (seller_id, seller_name, seller_address) values (81, 'Ferris', 'Apt 1711');
insert into seller (seller_id, seller_name, seller_address) values (82, 'Julianne', '11th Floor');
insert into seller (seller_id, seller_name, seller_address) values (83, 'Shae', '2nd Floor');
insert into seller (seller_id, seller_name, seller_address) values (84, 'Hy', 'Apt 208');
insert into seller (seller_id, seller_name, seller_address) values (85, 'Shoshanna', 'Apt 983');
insert into seller (seller_id, seller_name, seller_address) values (86, 'Barthel', 'Room 1288');
insert into seller (seller_id, seller_name, seller_address) values (87, 'Maxie', 'Suite 7');
insert into seller (seller_id, seller_name, seller_address) values (88, 'Brianne', 'Room 376');
insert into seller (seller_id, seller_name, seller_address) values (89, 'Aurel', '6th Floor');
insert into seller (seller_id, seller_name, seller_address) values (90, 'Sileas', 'Room 505');
insert into seller (seller_id, seller_name, seller_address) values (91, 'Kyle', 'Room 313');
insert into seller (seller_id, seller_name, seller_address) values (92, 'Trueman', 'Suite 3');
insert into seller (seller_id, seller_name, seller_address) values (93, 'Denny', 'Apt 1583');
insert into seller (seller_id, seller_name, seller_address) values (94, 'Bald', 'PO Box 45431');
insert into seller (seller_id, seller_name, seller_address) values (95, 'Graehme', 'Apt 1044');
insert into seller (seller_id, seller_name, seller_address) values (96, 'Ermina', 'Apt 615');
insert into seller (seller_id, seller_name, seller_address) values (97, 'Erv', 'Apt 589');
insert into seller (seller_id, seller_name, seller_address) values (98, 'Cathryn', '20th Floor');
insert into seller (seller_id, seller_name, seller_address) values (99, 'Zilvia', 'Room 207');
insert into seller (seller_id, seller_name, seller_address) values (100, 'Hermia', 'Apt 1857');

insert into product (product_id, product_name, category, normal_price, elite_price, prime_price, descrption, stock, seller_id) values (1, 'turpis', 'ante', 76, 67, 56, 'Suspendisse potenti.', 29, 40);
insert into product (product_id, product_name, category, normal_price, elite_price, prime_price, descrption, stock, seller_id) values (2, 'nec', 'pede libero', 18, 65, 46, 'Proin leo odio, porttitor id, consequat in, consequat ut, nulla.', 11, 35);
insert into product (product_id, product_name, category, normal_price, elite_price, prime_price, descrption, stock, seller_id) values (3, 'in', 'ante', 75, 57, 66, 'Nullam molestie nibh in lectus.', 41, 14);
insert into product (product_id, product_name, category, normal_price, elite_price, prime_price, descrption, stock, seller_id) values (4, 'nam', 'nulla tellus', 100, 82, 82, 'In blandit ultrices enim.', 6, 90);
insert into product (product_id, product_name, category, normal_price, elite_price, prime_price, descrption, stock, seller_id) values (5, 'sociis', 'sapien', 41, 19, 65, 'Quisque arcu libero, rutrum ac, lobortis vel, dapibus at, diam.', 84, 67);
insert into product (product_id, product_name, category, normal_price, elite_price, prime_price, descrption, stock, seller_id) values (6, 'interdum', 'primis', 45, 26, 21, 'Lorem ipsum dolor sit amet, consectetuer adipiscing elit.', 89, 95);
insert into product (product_id, product_name, category, normal_price, elite_price, prime_price, descrption, stock, seller_id) values (7, 'est', 'libero ut', 49, 61, 44, 'Sed vel enim sit amet nunc viverra dapibus.', 14, 95);
insert into product (product_id, product_name, category, normal_price, elite_price, prime_price, descrption, stock, seller_id) values (8, 'id', 'in congue', 38, 56, 99, 'Etiam faucibus cursus urna.', 32, 53);
insert into product (product_id, product_name, category, normal_price, elite_price, prime_price, descrption, stock, seller_id) values (9, 'odio', 'pharetra', 79, 87, 86, 'Maecenas pulvinar lobortis est.', 63, 75);
insert into product (product_id, product_name, category, normal_price, elite_price, prime_price, descrption, stock, seller_id) values (10, 'duis', 'rutrum', 22, 88, 20, 'Vivamus vestibulum sagittis sapien.', 31, 23);
insert into product (product_id, product_name, category, normal_price, elite_price, prime_price, descrption, stock, seller_id) values (11, 'magnis', 'odio', 64, 56, 1, 'Cum sociis natoque penatibus et magnis dis parturient montes, nascetur ridiculus mus.', 7, 10);
insert into product (product_id, product_name, category, normal_price, elite_price, prime_price, descrption, stock, seller_id) values (12, 'augue', 'tempus vel', 56, 29, 20, 'Phasellus in felis.', 24, 41);
insert into product (product_id, product_name, category, normal_price, elite_price, prime_price, descrption, stock, seller_id) values (13, 'ipsum', 'morbi', 47, 38, 1, 'Donec ut dolor.', 62, 64);
insert into product (product_id, product_name, category, normal_price, elite_price, prime_price, descrption, stock, seller_id) values (14, 'ac', 'nibh', 99, 62, 94, 'Donec vitae nisi.', 92, 66);
insert into product (product_id, product_name, category, normal_price, elite_price, prime_price, descrption, stock, seller_id) values (15, 'sed', 'justo', 29, 30, 8, 'Quisque id justo sit amet sapien dignissim vestibulum.', 48, 88);
insert into product (product_id, product_name, category, normal_price, elite_price, prime_price, descrption, stock, seller_id) values (16, 'duis', 'tempor', 8, 1, 83, 'Etiam vel augue.', 74, 78);
insert into product (product_id, product_name, category, normal_price, elite_price, prime_price, descrption, stock, seller_id) values (17, 'erat', 'nunc', 16, 4, 96, 'Integer tincidunt ante vel ipsum.', 55, 89);
insert into product (product_id, product_name, category, normal_price, elite_price, prime_price, descrption, stock, seller_id) values (18, 'orci', 'vel nisl', 72, 12, 67, 'Aliquam non mauris.', 2, 99);
insert into product (product_id, product_name, category, normal_price, elite_price, prime_price, descrption, stock, seller_id) values (19, 'in', 'pede', 20, 34, 17, 'Duis bibendum, felis sed interdum venenatis, turpis enim blandit mi, in porttitor pede justo eu massa.', 56, 84);
insert into product (product_id, product_name, category, normal_price, elite_price, prime_price, descrption, stock, seller_id) values (20, 'ac', 'nec', 78, 76, 52, 'Nulla ut erat id mauris vulputate elementum.', 77, 39);
insert into product (product_id, product_name, category, normal_price, elite_price, prime_price, descrption, stock, seller_id) values (21, 'commodo', 'pellentesque ultrices', 81, 49, 59, 'Cras non velit nec nisi vulputate nonummy.', 60, 83);
insert into product (product_id, product_name, category, normal_price, elite_price, prime_price, descrption, stock, seller_id) values (22, 'posuere', 'sed augue', 92, 7, 49, 'Praesent blandit lacinia erat.', 90, 40);
insert into product (product_id, product_name, category, normal_price, elite_price, prime_price, descrption, stock, seller_id) values (23, 'maecenas', 'ultrices', 99, 57, 4, 'Nulla facilisi.', 90, 13);
insert into product (product_id, product_name, category, normal_price, elite_price, prime_price, descrption, stock, seller_id) values (24, 'nulla', 'sed vestibulum', 29, 52, 76, 'Duis bibendum.', 7, 20);
insert into product (product_id, product_name, category, normal_price, elite_price, prime_price, descrption, stock, seller_id) values (25, 'magnis', 'diam', 5, 11, 86, 'Integer a nibh.', 72, 79);
insert into product (product_id, product_name, category, normal_price, elite_price, prime_price, descrption, stock, seller_id) values (26, 'pharetra', 'elementum', 2, 38, 67, 'Suspendisse potenti.', 11, 63);
insert into product (product_id, product_name, category, normal_price, elite_price, prime_price, descrption, stock, seller_id) values (27, 'integer', 'a pede', 60, 27, 11, 'Vestibulum ante ipsum primis in faucibus orci luctus et ultrices posuere cubilia Curae; Nulla dapibus dolor vel est.', 31, 59);
insert into product (product_id, product_name, category, normal_price, elite_price, prime_price, descrption, stock, seller_id) values (28, 'nunc', 'id', 81, 59, 99, 'Pellentesque viverra pede ac diam.', 88, 68);
insert into product (product_id, product_name, category, normal_price, elite_price, prime_price, descrption, stock, seller_id) values (29, 'nibh', 'nulla', 86, 84, 64, 'Aliquam erat volutpat.', 16, 20);
insert into product (product_id, product_name, category, normal_price, elite_price, prime_price, descrption, stock, seller_id) values (30, 'justo', 'amet', 79, 66, 20, 'Vivamus metus arcu, adipiscing molestie, hendrerit at, vulputate vitae, nisl.', 9, 86);
insert into product (product_id, product_name, category, normal_price, elite_price, prime_price, descrption, stock, seller_id) values (31, 'cursus', 'in sagittis', 17, 15, 32, 'Morbi ut odio.', 51, 55);
insert into product (product_id, product_name, category, normal_price, elite_price, prime_price, descrption, stock, seller_id) values (32, 'a', 'sodales', 17, 14, 9, 'Maecenas rhoncus aliquam lacus.', 50, 63);
insert into product (product_id, product_name, category, normal_price, elite_price, prime_price, descrption, stock, seller_id) values (33, 'vel', 'dictumst', 37, 93, 60, 'Integer ac leo.', 54, 43);
insert into product (product_id, product_name, category, normal_price, elite_price, prime_price, descrption, stock, seller_id) values (34, 'justo', 'amet lobortis', 95, 88, 40, 'Integer a nibh.', 99, 23);
insert into product (product_id, product_name, category, normal_price, elite_price, prime_price, descrption, stock, seller_id) values (35, 'fusce', 'erat', 56, 75, 16, 'In quis justo.', 91, 61);
insert into product (product_id, product_name, category, normal_price, elite_price, prime_price, descrption, stock, seller_id) values (36, 'elit', 'sagittis nam', 71, 9, 48, 'Morbi non lectus.', 97, 11);
insert into product (product_id, product_name, category, normal_price, elite_price, prime_price, descrption, stock, seller_id) values (37, 'sapien', 'aliquam', 24, 21, 100, 'Mauris sit amet eros.', 10, 13);
insert into product (product_id, product_name, category, normal_price, elite_price, prime_price, descrption, stock, seller_id) values (38, 'tortor', 'aenean', 58, 98, 43, 'Integer non velit.', 41, 42);
insert into product (product_id, product_name, category, normal_price, elite_price, prime_price, descrption, stock, seller_id) values (39, 'aliquam', 'turpis', 4, 8, 6, 'Donec posuere metus vitae ipsum.', 36, 13);
insert into product (product_id, product_name, category, normal_price, elite_price, prime_price, descrption, stock, seller_id) values (40, 'ultrices', 'volutpat', 30, 15, 30, 'Maecenas pulvinar lobortis est.', 66, 50);
insert into product (product_id, product_name, category, normal_price, elite_price, prime_price, descrption, stock, seller_id) values (41, 'gravida', 'justo', 22, 42, 8, 'Donec quis orci eget orci vehicula condimentum.', 4, 32);
insert into product (product_id, product_name, category, normal_price, elite_price, prime_price, descrption, stock, seller_id) values (42, 'eget', 'curae', 18, 94, 6, 'Nulla nisl.', 81, 50);
insert into product (product_id, product_name, category, normal_price, elite_price, prime_price, descrption, stock, seller_id) values (43, 'nullam', 'hac habitasse', 15, 49, 68, 'Pellentesque ultrices mattis odio.', 9, 45);
insert into product (product_id, product_name, category, normal_price, elite_price, prime_price, descrption, stock, seller_id) values (44, 'vestibulum', 'posuere', 68, 33, 93, 'Proin eu mi.', 8, 92);
insert into product (product_id, product_name, category, normal_price, elite_price, prime_price, descrption, stock, seller_id) values (45, 'faucibus', 'vehicula', 78, 86, 3, 'Curabitur in libero ut massa volutpat convallis.', 48, 56);
insert into product (product_id, product_name, category, normal_price, elite_price, prime_price, descrption, stock, seller_id) values (46, 'vivamus', 'curae', 18, 93, 13, 'Duis at velit eu est congue elementum.', 39, 44);
insert into product (product_id, product_name, category, normal_price, elite_price, prime_price, descrption, stock, seller_id) values (47, 'at', 'convallis nunc', 28, 38, 74, 'Aliquam sit amet diam in magna bibendum imperdiet.', 96, 98);
insert into product (product_id, product_name, category, normal_price, elite_price, prime_price, descrption, stock, seller_id) values (48, 'proin', 'orci', 20, 65, 50, 'Nullam porttitor lacus at turpis.', 62, 66);
insert into product (product_id, product_name, category, normal_price, elite_price, prime_price, descrption, stock, seller_id) values (49, 'nunc', 'facilisi cras', 68, 25, 97, 'Etiam vel augue.', 31, 47);
insert into product (product_id, product_name, category, normal_price, elite_price, prime_price, descrption, stock, seller_id) values (50, 'eu', 'cubilia curae', 89, 96, 25, 'Nam nulla.', 51, 52);
insert into product (product_id, product_name, category, normal_price, elite_price, prime_price, descrption, stock, seller_id) values (51, 'elementum', 'in sagittis', 34, 59, 68, 'Fusce consequat.', 43, 36);
insert into product (product_id, product_name, category, normal_price, elite_price, prime_price, descrption, stock, seller_id) values (52, 'massa', 'ornare', 27, 24, 17, 'In eleifend quam a odio.', 18, 66);
insert into product (product_id, product_name, category, normal_price, elite_price, prime_price, descrption, stock, seller_id) values (53, 'tincidunt', 'vestibulum aliquet', 16, 100, 49, 'Maecenas tincidunt lacus at velit.', 16, 47);
insert into product (product_id, product_name, category, normal_price, elite_price, prime_price, descrption, stock, seller_id) values (54, 'lacinia', 'eu', 77, 95, 4, 'Suspendisse potenti.', 23, 57);
insert into product (product_id, product_name, category, normal_price, elite_price, prime_price, descrption, stock, seller_id) values (55, 'libero', 'primis', 25, 49, 6, 'Cras mi pede, malesuada in, imperdiet et, commodo vulputate, justo.', 68, 95);
insert into product (product_id, product_name, category, normal_price, elite_price, prime_price, descrption, stock, seller_id) values (56, 'lectus', 'proin leo', 16, 14, 7, 'Sed vel enim sit amet nunc viverra dapibus.', 28, 46);
insert into product (product_id, product_name, category, normal_price, elite_price, prime_price, descrption, stock, seller_id) values (57, 'odio', 'nisl nunc', 24, 42, 88, 'Suspendisse ornare consequat lectus.', 53, 32);
insert into product (product_id, product_name, category, normal_price, elite_price, prime_price, descrption, stock, seller_id) values (58, 'id', 'interdum in', 67, 49, 45, 'Maecenas leo odio, condimentum id, luctus nec, molestie sed, justo.', 63, 17);
insert into product (product_id, product_name, category, normal_price, elite_price, prime_price, descrption, stock, seller_id) values (59, 'tristique', 'lacus morbi', 65, 40, 38, 'Proin interdum mauris non ligula pellentesque ultrices.', 40, 28);
insert into product (product_id, product_name, category, normal_price, elite_price, prime_price, descrption, stock, seller_id) values (60, 'posuere', 'et eros', 5, 70, 20, 'Morbi porttitor lorem id ligula.', 12, 8);
insert into product (product_id, product_name, category, normal_price, elite_price, prime_price, descrption, stock, seller_id) values (61, 'et', 'felis', 23, 49, 55, 'Nulla tempus.', 80, 10);
insert into product (product_id, product_name, category, normal_price, elite_price, prime_price, descrption, stock, seller_id) values (62, 'lectus', 'augue a', 76, 46, 73, 'Nullam varius.', 58, 23);
insert into product (product_id, product_name, category, normal_price, elite_price, prime_price, descrption, stock, seller_id) values (63, 'at', 'risus', 48, 10, 54, 'Morbi non quam nec dui luctus rutrum.', 8, 24);
insert into product (product_id, product_name, category, normal_price, elite_price, prime_price, descrption, stock, seller_id) values (64, 'tortor', 'morbi', 41, 58, 82, 'Nulla neque libero, convallis eget, eleifend luctus, ultricies eu, nibh.', 100, 39);
insert into product (product_id, product_name, category, normal_price, elite_price, prime_price, descrption, stock, seller_id) values (65, 'justo', 'est congue', 27, 20, 28, 'Sed accumsan felis.', 90, 73);
insert into product (product_id, product_name, category, normal_price, elite_price, prime_price, descrption, stock, seller_id) values (66, 'ac', 'maecenas', 49, 13, 90, 'Maecenas tincidunt lacus at velit.', 20, 1);
insert into product (product_id, product_name, category, normal_price, elite_price, prime_price, descrption, stock, seller_id) values (67, 'habitasse', 'in magna', 94, 26, 20, 'Duis bibendum, felis sed interdum venenatis, turpis enim blandit mi, in porttitor pede justo eu massa.', 88, 45);
insert into product (product_id, product_name, category, normal_price, elite_price, prime_price, descrption, stock, seller_id) values (68, 'volutpat', 'sed vestibulum', 18, 34, 37, 'Vivamus metus arcu, adipiscing molestie, hendrerit at, vulputate vitae, nisl.', 23, 64);
insert into product (product_id, product_name, category, normal_price, elite_price, prime_price, descrption, stock, seller_id) values (69, 'vestibulum', 'pede morbi', 70, 45, 90, 'Quisque id justo sit amet sapien dignissim vestibulum.', 73, 96);
insert into product (product_id, product_name, category, normal_price, elite_price, prime_price, descrption, stock, seller_id) values (70, 'mi', 'dolor', 96, 47, 44, 'Integer tincidunt ante vel ipsum.', 61, 63);
insert into product (product_id, product_name, category, normal_price, elite_price, prime_price, descrption, stock, seller_id) values (71, 'dui', 'ac', 50, 83, 14, 'Vivamus in felis eu sapien cursus vestibulum.', 16, 94);
insert into product (product_id, product_name, category, normal_price, elite_price, prime_price, descrption, stock, seller_id) values (72, 'et', 'eleifend', 63, 38, 27, 'In congue.', 35, 57);
insert into product (product_id, product_name, category, normal_price, elite_price, prime_price, descrption, stock, seller_id) values (73, 'integer', 'ipsum', 18, 91, 49, 'Nunc nisl.', 33, 45);
insert into product (product_id, product_name, category, normal_price, elite_price, prime_price, descrption, stock, seller_id) values (74, 'ante', 'vestibulum eget', 63, 93, 3, 'Aliquam non mauris.', 2, 97);
insert into product (product_id, product_name, category, normal_price, elite_price, prime_price, descrption, stock, seller_id) values (75, 'vitae', 'consequat in', 53, 48, 73, 'Duis ac nibh.', 28, 33);
insert into product (product_id, product_name, category, normal_price, elite_price, prime_price, descrption, stock, seller_id) values (76, 'consequat', 'orci', 3, 94, 89, 'Suspendisse ornare consequat lectus.', 4, 8);
insert into product (product_id, product_name, category, normal_price, elite_price, prime_price, descrption, stock, seller_id) values (77, 'nunc', 'accumsan felis', 54, 18, 52, 'Duis bibendum, felis sed interdum venenatis, turpis enim blandit mi, in porttitor pede justo eu massa.', 78, 90);
insert into product (product_id, product_name, category, normal_price, elite_price, prime_price, descrption, stock, seller_id) values (78, 'in', 'amet lobortis', 3, 80, 50, 'Nulla suscipit ligula in lacus.', 41, 97);
insert into product (product_id, product_name, category, normal_price, elite_price, prime_price, descrption, stock, seller_id) values (79, 'molestie', 'tellus', 19, 85, 95, 'Mauris ullamcorper purus sit amet nulla.', 89, 26);
insert into product (product_id, product_name, category, normal_price, elite_price, prime_price, descrption, stock, seller_id) values (80, 'vitae', 'adipiscing', 91, 9, 82, 'Donec diam neque, vestibulum eget, vulputate ut, ultrices vel, augue.', 92, 30);
insert into product (product_id, product_name, category, normal_price, elite_price, prime_price, descrption, stock, seller_id) values (81, 'vel', 'sed', 29, 18, 36, 'Integer aliquet, massa id lobortis convallis, tortor risus dapibus augue, vel accumsan tellus nisi eu orci.', 39, 47);
insert into product (product_id, product_name, category, normal_price, elite_price, prime_price, descrption, stock, seller_id) values (82, 'libero', 'aliquam', 44, 2, 78, 'Quisque id justo sit amet sapien dignissim vestibulum.', 22, 35);
insert into product (product_id, product_name, category, normal_price, elite_price, prime_price, descrption, stock, seller_id) values (83, 'nisi', 'in quam', 31, 43, 46, 'Curabitur convallis.', 50, 88);
insert into product (product_id, product_name, category, normal_price, elite_price, prime_price, descrption, stock, seller_id) values (84, 'id', 'justo', 76, 66, 16, 'Integer ac neque.', 62, 15);
insert into product (product_id, product_name, category, normal_price, elite_price, prime_price, descrption, stock, seller_id) values (85, 'dignissim', 'ullamcorper augue', 45, 98, 86, 'Fusce lacus purus, aliquet at, feugiat non, pretium quis, lectus.', 67, 92);
insert into product (product_id, product_name, category, normal_price, elite_price, prime_price, descrption, stock, seller_id) values (86, 'volutpat', 'congue vivamus', 82, 4, 20, 'Integer aliquet, massa id lobortis convallis, tortor risus dapibus augue, vel accumsan tellus nisi eu orci.', 30, 55);
insert into product (product_id, product_name, category, normal_price, elite_price, prime_price, descrption, stock, seller_id) values (87, 'ligula', 'in est', 6, 22, 97, 'Maecenas rhoncus aliquam lacus.', 53, 35);
insert into product (product_id, product_name, category, normal_price, elite_price, prime_price, descrption, stock, seller_id) values (88, 'blandit', 'volutpat in', 65, 61, 7, 'In eleifend quam a odio.', 70, 39);
insert into product (product_id, product_name, category, normal_price, elite_price, prime_price, descrption, stock, seller_id) values (89, 'eget', 'donec diam', 38, 25, 84, 'Vivamus vestibulum sagittis sapien.', 2, 74);
insert into product (product_id, product_name, category, normal_price, elite_price, prime_price, descrption, stock, seller_id) values (90, 'neque', 'vel', 76, 40, 54, 'Sed ante.', 83, 55);
insert into product (product_id, product_name, category, normal_price, elite_price, prime_price, descrption, stock, seller_id) values (91, 'proin', 'sit amet', 85, 85, 27, 'Vivamus vel nulla eget eros elementum pellentesque.', 7, 22);
insert into product (product_id, product_name, category, normal_price, elite_price, prime_price, descrption, stock, seller_id) values (92, 'ante', 'et tempus', 62, 6, 44, 'Vestibulum quam sapien, varius ut, blandit non, interdum in, ante.', 38, 9);
insert into product (product_id, product_name, category, normal_price, elite_price, prime_price, descrption, stock, seller_id) values (93, 'vel', 'at vulputate', 79, 44, 4, 'Curabitur at ipsum ac tellus semper interdum.', 50, 62);
insert into product (product_id, product_name, category, normal_price, elite_price, prime_price, descrption, stock, seller_id) values (94, 'adipiscing', 'integer', 63, 96, 53, 'In hac habitasse platea dictumst.', 42, 84);
insert into product (product_id, product_name, category, normal_price, elite_price, prime_price, descrption, stock, seller_id) values (95, 'augue', 'in hac', 46, 44, 7, 'Cras in purus eu magna vulputate luctus.', 3, 87);
insert into product (product_id, product_name, category, normal_price, elite_price, prime_price, descrption, stock, seller_id) values (96, 'amet', 'vel', 82, 22, 5, 'Etiam justo.', 60, 57);
insert into product (product_id, product_name, category, normal_price, elite_price, prime_price, descrption, stock, seller_id) values (97, 'sit', 'consequat ut', 4, 62, 71, 'Pellentesque at nulla.', 82, 7);
insert into product (product_id, product_name, category, normal_price, elite_price, prime_price, descrption, stock, seller_id) values (98, 'etiam', 'venenatis', 13, 14, 20, 'Suspendisse ornare consequat lectus.', 51, 94);
insert into product (product_id, product_name, category, normal_price, elite_price, prime_price, descrption, stock, seller_id) values (99, 'nonummy', 'hac', 30, 11, 5, 'Maecenas ut massa quis augue luctus tincidunt.', 96, 97);
insert into product (product_id, product_name, category, normal_price, elite_price, prime_price, descrption, stock, seller_id) values (100, 'primis', 'in', 93, 51, 66, 'Quisque ut erat.', 21, 31);


insert into delievery_boy (d_id, d_name, d_rating, d_mobile_number) values (1, 'Wittie Harrismith', 1.4, '252-713-9784');
insert into delievery_boy (d_id, d_name, d_rating, d_mobile_number) values (2, 'Tucker Gimlet', 3.7, '860-634-8854');
insert into delievery_boy (d_id, d_name, d_rating, d_mobile_number) values (3, 'Sydel Diggar', 1.4, '175-400-0094');
insert into delievery_boy (d_id, d_name, d_rating, d_mobile_number) values (4, 'Trumaine Humby', 2.0, '665-786-2622');
insert into delievery_boy (d_id, d_name, d_rating, d_mobile_number) values (5, 'Correna Slyvester', 4.8, '193-979-0526');
insert into delievery_boy (d_id, d_name, d_rating, d_mobile_number) values (6, 'Byrom Brettelle', 1.7, '592-232-4104');
insert into delievery_boy (d_id, d_name, d_rating, d_mobile_number) values (7, 'Sheffy Sherington', 1.7, '805-215-9584');
insert into delievery_boy (d_id, d_name, d_rating, d_mobile_number) values (8, 'Kearney Marwood', 1.7, '279-511-8225');
insert into delievery_boy (d_id, d_name, d_rating, d_mobile_number) values (9, 'Neville Hughesdon', 4.3, '506-926-6559');
insert into delievery_boy (d_id, d_name, d_rating, d_mobile_number) values (10, 'Eve Misselbrook', 4.2, '581-913-3130');
insert into delievery_boy (d_id, d_name, d_rating, d_mobile_number) values (11, 'Vivi Stanning', 4.8, '213-826-7753');
insert into delievery_boy (d_id, d_name, d_rating, d_mobile_number) values (12, 'Ryun Lux', 1.7, '782-999-6448');
insert into delievery_boy (d_id, d_name, d_rating, d_mobile_number) values (13, 'Mathian Patek', 1.7, '323-630-5855');
insert into delievery_boy (d_id, d_name, d_rating, d_mobile_number) values (14, 'Dode Hayball', 4.8, '936-185-1913');
insert into delievery_boy (d_id, d_name, d_rating, d_mobile_number) values (15, 'Dory Lissandri', 1.9, '196-256-7332');
insert into delievery_boy (d_id, d_name, d_rating, d_mobile_number) values (16, 'Demetra Pilch', 3.9, '520-409-6894');
insert into delievery_boy (d_id, d_name, d_rating, d_mobile_number) values (17, 'Oby Franiak', 1.3, '203-327-8493');
insert into delievery_boy (d_id, d_name, d_rating, d_mobile_number) values (18, 'Grady Toler', 3.9, '290-566-2458');
insert into delievery_boy (d_id, d_name, d_rating, d_mobile_number) values (19, 'Kalie Gobolos', 1.2, '711-613-5261');
insert into delievery_boy (d_id, d_name, d_rating, d_mobile_number) values (20, 'Aura McCaster', 4.7, '403-137-4975');
insert into delievery_boy (d_id, d_name, d_rating, d_mobile_number) values (21, 'Miguela Bubear', 3.3, '707-714-2737');
insert into delievery_boy (d_id, d_name, d_rating, d_mobile_number) values (22, 'Kelvin Priestley', 1.6, '253-651-3050');
insert into delievery_boy (d_id, d_name, d_rating, d_mobile_number) values (23, 'Dwight Membry', 3.8, '215-847-0876');
insert into delievery_boy (d_id, d_name, d_rating, d_mobile_number) values (24, 'Esra Perschke', 2.7, '801-513-1689');
insert into delievery_boy (d_id, d_name, d_rating, d_mobile_number) values (25, 'Othelia Pymm', 1.7, '682-883-9561');
insert into delievery_boy (d_id, d_name, d_rating, d_mobile_number) values (26, 'Susann Huerta', 2.1, '453-242-2221');
insert into delievery_boy (d_id, d_name, d_rating, d_mobile_number) values (27, 'George Rassmann', 1.7, '917-598-4525');
insert into delievery_boy (d_id, d_name, d_rating, d_mobile_number) values (28, 'Freeman Rouke', 2.3, '609-574-9996');
insert into delievery_boy (d_id, d_name, d_rating, d_mobile_number) values (29, 'Isidro Tague', 2.5, '763-836-0903');
insert into delievery_boy (d_id, d_name, d_rating, d_mobile_number) values (30, 'Pauly Lehon', 1.8, '879-365-8707');
insert into delievery_boy (d_id, d_name, d_rating, d_mobile_number) values (31, 'Willetta Gribben', 3.8, '653-163-6968');
insert into delievery_boy (d_id, d_name, d_rating, d_mobile_number) values (32, 'Emelyne Hallam', 4.8, '469-993-0365');
insert into delievery_boy (d_id, d_name, d_rating, d_mobile_number) values (33, 'Lucina Chadbourne', 2.5, '651-811-5798');
insert into delievery_boy (d_id, d_name, d_rating, d_mobile_number) values (34, 'Nolie Hayles', 3.2, '369-259-9656');
insert into delievery_boy (d_id, d_name, d_rating, d_mobile_number) values (35, 'Guenevere Scolding', 4.9, '938-203-1520');
insert into delievery_boy (d_id, d_name, d_rating, d_mobile_number) values (36, 'Nananne Collibear', 2.1, '921-783-9021');
insert into delievery_boy (d_id, d_name, d_rating, d_mobile_number) values (37, 'Marline Assard', 3.6, '290-495-3322');
insert into delievery_boy (d_id, d_name, d_rating, d_mobile_number) values (38, 'Janelle Pratt', 1.2, '700-114-2168');
insert into delievery_boy (d_id, d_name, d_rating, d_mobile_number) values (39, 'Phil Claughton', 2.6, '782-429-7286');
insert into delievery_boy (d_id, d_name, d_rating, d_mobile_number) values (40, 'Shanon Avrahamoff', 4.5, '752-366-5325');
insert into delievery_boy (d_id, d_name, d_rating, d_mobile_number) values (41, 'Ivy Wallbrook', 4.7, '249-256-7303');
insert into delievery_boy (d_id, d_name, d_rating, d_mobile_number) values (42, 'Iona Smythin', 4.8, '963-763-7936');
insert into delievery_boy (d_id, d_name, d_rating, d_mobile_number) values (43, 'Doll Clausius', 4.7, '709-485-0159');
insert into delievery_boy (d_id, d_name, d_rating, d_mobile_number) values (44, 'Cleveland Vayro', 2.3, '501-550-3019');
insert into delievery_boy (d_id, d_name, d_rating, d_mobile_number) values (45, 'Gratiana Haville', 3.4, '990-587-1806');
insert into delievery_boy (d_id, d_name, d_rating, d_mobile_number) values (46, 'Kaylee Dunnett', 3.8, '291-397-5547');
insert into delievery_boy (d_id, d_name, d_rating, d_mobile_number) values (47, 'Anissa Cranstone', 3.7, '887-482-9005');
insert into delievery_boy (d_id, d_name, d_rating, d_mobile_number) values (48, 'Filia Titchard', 1.2, '583-377-3575');
insert into delievery_boy (d_id, d_name, d_rating, d_mobile_number) values (49, 'Clarabelle Kabos', 4.8, '303-293-0563');
insert into delievery_boy (d_id, d_name, d_rating, d_mobile_number) values (50, 'Mabelle Attwood', 4.0, '633-818-5186');
insert into delievery_boy (d_id, d_name, d_rating, d_mobile_number) values (51, 'Micah Housegoe', 2.0, '882-689-6524');
insert into delievery_boy (d_id, d_name, d_rating, d_mobile_number) values (52, 'Maggee Higgonet', 1.1, '510-327-1492');
insert into delievery_boy (d_id, d_name, d_rating, d_mobile_number) values (53, 'Archibald Lanphere', 3.5, '523-840-5865');
insert into delievery_boy (d_id, d_name, d_rating, d_mobile_number) values (54, 'Garrot Van Zon', 4.7, '316-500-3264');
insert into delievery_boy (d_id, d_name, d_rating, d_mobile_number) values (55, 'Skippy Faussett', 1.8, '512-383-4320');
insert into delievery_boy (d_id, d_name, d_rating, d_mobile_number) values (56, 'Rosabelle McDonogh', 4.8, '940-909-2780');
insert into delievery_boy (d_id, d_name, d_rating, d_mobile_number) values (57, 'Lorelei Tomaszewicz', 1.8, '223-883-4454');
insert into delievery_boy (d_id, d_name, d_rating, d_mobile_number) values (58, 'Kayle Babinski', 3.2, '817-272-8986');
insert into delievery_boy (d_id, d_name, d_rating, d_mobile_number) values (59, 'Weylin Eouzan', 1.8, '508-378-1409');
insert into delievery_boy (d_id, d_name, d_rating, d_mobile_number) values (60, 'Carolynn Kemwall', 1.4, '241-896-2202');
insert into delievery_boy (d_id, d_name, d_rating, d_mobile_number) values (61, 'Daphene Dugmore', 2.9, '732-856-8485');
insert into delievery_boy (d_id, d_name, d_rating, d_mobile_number) values (62, 'Isador Devennie', 1.8, '765-367-5000');
insert into delievery_boy (d_id, d_name, d_rating, d_mobile_number) values (63, 'Grissel Grievson', 1.3, '587-346-3210');
insert into delievery_boy (d_id, d_name, d_rating, d_mobile_number) values (64, 'Shari Zorzoni', 3.2, '263-650-3382');
insert into delievery_boy (d_id, d_name, d_rating, d_mobile_number) values (65, 'Ulberto Sign', 3.4, '615-859-2601');
insert into delievery_boy (d_id, d_name, d_rating, d_mobile_number) values (66, 'Courtnay Dunks', 1.5, '642-576-4450');
insert into delievery_boy (d_id, d_name, d_rating, d_mobile_number) values (67, 'Jerrilee Palk', 3.9, '426-598-8390');
insert into delievery_boy (d_id, d_name, d_rating, d_mobile_number) values (68, 'Sanderson Giovanitti', 1.5, '726-293-4345');
insert into delievery_boy (d_id, d_name, d_rating, d_mobile_number) values (69, 'Arvie Gough', 3.2, '382-431-9780');
insert into delievery_boy (d_id, d_name, d_rating, d_mobile_number) values (70, 'Marsh Walsh', 2.1, '333-976-2386');
insert into delievery_boy (d_id, d_name, d_rating, d_mobile_number) values (71, 'Suzette Cassius', 4.2, '385-219-7667');
insert into delievery_boy (d_id, d_name, d_rating, d_mobile_number) values (72, 'Kalinda O''Donovan', 2.6, '874-963-1462');
insert into delievery_boy (d_id, d_name, d_rating, d_mobile_number) values (73, 'Carline Sugge', 2.5, '264-445-3669');
insert into delievery_boy (d_id, d_name, d_rating, d_mobile_number) values (74, 'George McSweeney', 2.0, '225-244-2554');
insert into delievery_boy (d_id, d_name, d_rating, d_mobile_number) values (75, 'Silvain Mc Cahey', 2.4, '599-713-0278');
insert into delievery_boy (d_id, d_name, d_rating, d_mobile_number) values (76, 'Fernanda Steart', 1.5, '276-798-5647');
insert into delievery_boy (d_id, d_name, d_rating, d_mobile_number) values (77, 'Ricoriki Pinch', 4.2, '219-285-9779');
insert into delievery_boy (d_id, d_name, d_rating, d_mobile_number) values (78, 'Gaylene Langwade', 4.0, '174-565-8790');
insert into delievery_boy (d_id, d_name, d_rating, d_mobile_number) values (79, 'Victor Stawell', 3.3, '351-130-9786');
insert into delievery_boy (d_id, d_name, d_rating, d_mobile_number) values (80, 'Rudyard Mulqueen', 3.6, '431-103-0692');
insert into delievery_boy (d_id, d_name, d_rating, d_mobile_number) values (81, 'Dulcy Spurling', 3.1, '561-948-2365');
insert into delievery_boy (d_id, d_name, d_rating, d_mobile_number) values (82, 'Rafaela Jagoe', 1.1, '979-190-5046');
insert into delievery_boy (d_id, d_name, d_rating, d_mobile_number) values (83, 'Kennedy Hillam', 4.0, '928-711-0902');
insert into delievery_boy (d_id, d_name, d_rating, d_mobile_number) values (84, 'Gerti Boundley', 2.5, '302-496-1450');
insert into delievery_boy (d_id, d_name, d_rating, d_mobile_number) values (85, 'Finley Rowlatt', 1.9, '682-275-6695');
insert into delievery_boy (d_id, d_name, d_rating, d_mobile_number) values (86, 'Sigfrid Luebbert', 2.6, '476-540-9682');
insert into delievery_boy (d_id, d_name, d_rating, d_mobile_number) values (87, 'Andrej Novik', 1.4, '467-302-5698');
insert into delievery_boy (d_id, d_name, d_rating, d_mobile_number) values (88, 'Aldridge Colombier', 4.3, '844-979-4033');
insert into delievery_boy (d_id, d_name, d_rating, d_mobile_number) values (89, 'Drona Geldart', 4.4, '907-129-9989');
insert into delievery_boy (d_id, d_name, d_rating, d_mobile_number) values (90, 'Fran de Voiels', 3.3, '745-623-0404');
insert into delievery_boy (d_id, d_name, d_rating, d_mobile_number) values (91, 'Christel Douty', 3.0, '507-801-2888');
insert into delievery_boy (d_id, d_name, d_rating, d_mobile_number) values (92, 'Quincy Coltart', 4.1, '561-608-0581');
insert into delievery_boy (d_id, d_name, d_rating, d_mobile_number) values (93, 'Nicoline Sizzey', 1.9, '914-374-4640');
insert into delievery_boy (d_id, d_name, d_rating, d_mobile_number) values (94, 'Rodrick Blondell', 2.4, '793-894-1150');
insert into delievery_boy (d_id, d_name, d_rating, d_mobile_number) values (95, 'Lucius MacAnellye', 3.1, '844-217-3790');
insert into delievery_boy (d_id, d_name, d_rating, d_mobile_number) values (96, 'Norina Cecil', 2.4, '449-911-3921');
insert into delievery_boy (d_id, d_name, d_rating, d_mobile_number) values (97, 'Diego Murrill', 2.6, '329-650-4121');
insert into delievery_boy (d_id, d_name, d_rating, d_mobile_number) values (98, 'Dalston Westover', 5.0, '653-245-2783');
insert into delievery_boy (d_id, d_name, d_rating, d_mobile_number) values (99, 'Katharine Conrad', 2.4, '932-164-4823');
insert into delievery_boy (d_id, d_name, d_rating, d_mobile_number) values (100, 'Corey While', 2.4, '398-610-3627');

insert into cart (cart_id, order_date, total_price, customer_id, d_id) values (1, '2022-12-27', 2975, 1, 1);
insert into cart (cart_id, order_date, total_price, customer_id, d_id) values (2, '2022-05-27', 3510, 2, 2);
insert into cart (cart_id, order_date, total_price, customer_id, d_id) values (3, '2022-08-24', 4871, 3, 3);
insert into cart (cart_id, order_date, total_price, customer_id, d_id) values (4, '2022-04-16', 2087, 4, 4);
insert into cart (cart_id, order_date, total_price, customer_id, d_id) values (5, '2022-03-26', 1341, 5, 5);
insert into cart (cart_id, order_date, total_price, customer_id, d_id) values (6, '2022-10-05', 4235, 6, 6);
insert into cart (cart_id, order_date, total_price, customer_id, d_id) values (7, '2022-07-09', 4804, 7, 7);
insert into cart (cart_id, order_date, total_price, customer_id, d_id) values (8, '2022-08-05', 2326, 8, 8);
insert into cart (cart_id, order_date, total_price, customer_id, d_id) values (9, '2022-05-18', 3410, 9, 9);
insert into cart (cart_id, order_date, total_price, customer_id, d_id) values (10, '2022-10-17', 4707, 10, 10);
insert into cart (cart_id, order_date, total_price, customer_id, d_id) values (11, '2022-12-19', 3514, 11, 11);
insert into cart (cart_id, order_date, total_price, customer_id, d_id) values (12, '2022-05-01', 1473, 12, 12);
insert into cart (cart_id, order_date, total_price, customer_id, d_id) values (13, '2022-05-25', 3389, 13, 13);
insert into cart (cart_id, order_date, total_price, customer_id, d_id) values (14, '2022-08-24', 1700, 14, 14);
insert into cart (cart_id, order_date, total_price, customer_id, d_id) values (15, '2022-07-08', 1624, 15, 15);
insert into cart (cart_id, order_date, total_price, customer_id, d_id) values (16, '2022-12-24', 1248, 16, 16);
insert into cart (cart_id, order_date, total_price, customer_id, d_id) values (17, '2023-01-22', 2218, 17, 17);
insert into cart (cart_id, order_date, total_price, customer_id, d_id) values (18, '2022-03-21', 4223, 18, 18);
insert into cart (cart_id, order_date, total_price, customer_id, d_id) values (19, '2022-08-29', 4619, 19, 19);
insert into cart (cart_id, order_date, total_price, customer_id, d_id) values (20, '2022-03-12', 3625, 20, 20);
insert into cart (cart_id, order_date, total_price, customer_id, d_id) values (21, '2022-03-31', 3474, 21, 21);
insert into cart (cart_id, order_date, total_price, customer_id, d_id) values (22, '2022-10-21', 1469, 22, 22);
insert into cart (cart_id, order_date, total_price, customer_id, d_id) values (23, '2022-06-08', 3605, 23, 23);
insert into cart (cart_id, order_date, total_price, customer_id, d_id) values (24, '2022-08-16', 2608, 24, 24);
insert into cart (cart_id, order_date, total_price, customer_id, d_id) values (25, '2022-10-16', 1330, 25, 25);
insert into cart (cart_id, order_date, total_price, customer_id, d_id) values (26, '2022-04-27', 2061, 26, 26);
insert into cart (cart_id, order_date, total_price, customer_id, d_id) values (27, '2022-11-02', 4005, 27, 27);
insert into cart (cart_id, order_date, total_price, customer_id, d_id) values (28, '2023-02-09', 1189, 28, 28);
insert into cart (cart_id, order_date, total_price, customer_id, d_id) values (29, '2022-11-16', 3570, 29, 29);
insert into cart (cart_id, order_date, total_price, customer_id, d_id) values (30, '2022-03-04', 1962, 30, 30);
insert into cart (cart_id, order_date, total_price, customer_id, d_id) values (31, '2022-07-17', 1113, 31, 31);
insert into cart (cart_id, order_date, total_price, customer_id, d_id) values (32, '2022-06-11', 2044, 32, 32);
insert into cart (cart_id, order_date, total_price, customer_id, d_id) values (33, '2022-08-31', 4427, 33, 33);
insert into cart (cart_id, order_date, total_price, customer_id, d_id) values (34, '2023-01-29', 2954, 34, 34);
insert into cart (cart_id, order_date, total_price, customer_id, d_id) values (35, '2022-12-23', 3933, 35, 35);
insert into cart (cart_id, order_date, total_price, customer_id, d_id) values (36, '2023-02-06', 4490, 36, 36);
insert into cart (cart_id, order_date, total_price, customer_id, d_id) values (37, '2023-01-23', 4273, 37, 37);
insert into cart (cart_id, order_date, total_price, customer_id, d_id) values (38, '2022-02-25', 2998, 38, 38);
insert into cart (cart_id, order_date, total_price, customer_id, d_id) values (39, '2023-02-01', 3899, 39, 39);
insert into cart (cart_id, order_date, total_price, customer_id, d_id) values (40, '2023-01-23', 4273, 40, 40);
insert into cart (cart_id, order_date, total_price, customer_id, d_id) values (41, '2022-10-13', 3434, 41, 41);
insert into cart (cart_id, order_date, total_price, customer_id, d_id) values (42, '2023-01-08', 3959, 42, 42);
insert into cart (cart_id, order_date, total_price, customer_id, d_id) values (43, '2022-09-25', 3759, 43, 43);
insert into cart (cart_id, order_date, total_price, customer_id, d_id) values (44, '2022-11-19', 3709, 44, 44);
insert into cart (cart_id, order_date, total_price, customer_id, d_id) values (45, '2022-10-02', 4900, 45, 45);
insert into cart (cart_id, order_date, total_price, customer_id, d_id) values (46, '2022-08-20', 4491, 46, 46);
insert into cart (cart_id, order_date, total_price, customer_id, d_id) values (47, '2022-11-17', 1407, 47, 47);
insert into cart (cart_id, order_date, total_price, customer_id, d_id) values (48, '2022-10-12', 2189, 48, 48);
insert into cart (cart_id, order_date, total_price, customer_id, d_id) values (49, '2022-03-08', 2517, 49, 49);
insert into cart (cart_id, order_date, total_price, customer_id, d_id) values (50, '2022-12-28', 4667, 50, 50);
insert into cart (cart_id, order_date, total_price, customer_id, d_id) values (51, '2022-10-10', 2536, 51, 51);
insert into cart (cart_id, order_date, total_price, customer_id, d_id) values (52, '2022-10-14', 1323, 52, 52);
insert into cart (cart_id, order_date, total_price, customer_id, d_id) values (53, '2022-06-05', 2619, 53, 53);
insert into cart (cart_id, order_date, total_price, customer_id, d_id) values (54, '2022-03-13', 4395, 54, 54);
insert into cart (cart_id, order_date, total_price, customer_id, d_id) values (55, '2022-05-29', 2060, 55, 55);
insert into cart (cart_id, order_date, total_price, customer_id, d_id) values (56, '2023-02-07', 2467, 56, 56);
insert into cart (cart_id, order_date, total_price, customer_id, d_id) values (57, '2022-04-26', 4906, 57, 57);
insert into cart (cart_id, order_date, total_price, customer_id, d_id) values (58, '2022-10-11', 3149, 58, 58);
insert into cart (cart_id, order_date, total_price, customer_id, d_id) values (59, '2023-01-07', 4832, 59, 59);
insert into cart (cart_id, order_date, total_price, customer_id, d_id) values (60, '2022-11-06', 3061, 60, 60);
insert into cart (cart_id, order_date, total_price, customer_id, d_id) values (61, '2022-02-17', 1713, 61, 61);
insert into cart (cart_id, order_date, total_price, customer_id, d_id) values (62, '2022-05-13', 4138, 62, 62);
insert into cart (cart_id, order_date, total_price, customer_id, d_id) values (63, '2023-01-01', 2907, 63, 63);
insert into cart (cart_id, order_date, total_price, customer_id, d_id) values (64, '2022-06-29', 1731, 64, 64);
insert into cart (cart_id, order_date, total_price, customer_id, d_id) values (65, '2022-11-06', 2698, 65, 65);
insert into cart (cart_id, order_date, total_price, customer_id, d_id) values (66, '2022-07-30', 2329, 66, 66);
insert into cart (cart_id, order_date, total_price, customer_id, d_id) values (67, '2022-04-19', 4269, 67, 67);
insert into cart (cart_id, order_date, total_price, customer_id, d_id) values (68, '2022-09-22', 2026, 68, 68);
insert into cart (cart_id, order_date, total_price, customer_id, d_id) values (69, '2022-07-14', 3655, 69, 69);
insert into cart (cart_id, order_date, total_price, customer_id, d_id) values (70, '2022-05-12', 1147, 70, 70);
insert into cart (cart_id, order_date, total_price, customer_id, d_id) values (71, '2022-08-28', 3963, 71, 71);
insert into cart (cart_id, order_date, total_price, customer_id, d_id) values (72, '2022-09-01', 3509, 72, 72);
insert into cart (cart_id, order_date, total_price, customer_id, d_id) values (73, '2022-03-14', 2744, 73, 73);
insert into cart (cart_id, order_date, total_price, customer_id, d_id) values (74, '2022-06-09', 3794, 74, 74);
insert into cart (cart_id, order_date, total_price, customer_id, d_id) values (75, '2022-03-17', 4972, 75, 75);
insert into cart (cart_id, order_date, total_price, customer_id, d_id) values (76, '2022-08-16', 1273, 76, 76);
insert into cart (cart_id, order_date, total_price, customer_id, d_id) values (77, '2022-11-06', 4620, 77, 77);
insert into cart (cart_id, order_date, total_price, customer_id, d_id) values (78, '2022-03-12', 4255, 78, 78);
insert into cart (cart_id, order_date, total_price, customer_id, d_id) values (79, '2022-04-19', 3758, 79, 79);
insert into cart (cart_id, order_date, total_price, customer_id, d_id) values (80, '2023-02-06', 4468, 80, 80);
insert into cart (cart_id, order_date, total_price, customer_id, d_id) values (81, '2022-06-27', 2146, 81, 81);
insert into cart (cart_id, order_date, total_price, customer_id, d_id) values (82, '2022-07-07', 3057, 82, 82);
insert into cart (cart_id, order_date, total_price, customer_id, d_id) values (83, '2022-03-14', 4804, 83, 83);
insert into cart (cart_id, order_date, total_price, customer_id, d_id) values (84, '2022-08-12', 3592, 84, 84);
insert into cart (cart_id, order_date, total_price, customer_id, d_id) values (85, '2022-07-14', 3324, 85, 85);
insert into cart (cart_id, order_date, total_price, customer_id, d_id) values (86, '2022-04-30', 4888, 86, 86);
insert into cart (cart_id, order_date, total_price, customer_id, d_id) values (87, '2022-02-12', 1512, 87, 87);
insert into cart (cart_id, order_date, total_price, customer_id, d_id) values (88, '2022-03-10', 3724, 88, 88);
insert into cart (cart_id, order_date, total_price, customer_id, d_id) values (89, '2022-08-15', 1825, 89, 89);
insert into cart (cart_id, order_date, total_price, customer_id, d_id) values (90, '2022-12-20', 1937, 90, 90);
insert into cart (cart_id, order_date, total_price, customer_id, d_id) values (91, '2022-12-31', 1324, 91, 91);
insert into cart (cart_id, order_date, total_price, customer_id, d_id) values (92, '2022-09-29', 2359, 92, 92);
insert into cart (cart_id, order_date, total_price, customer_id, d_id) values (93, '2022-08-13', 4661, 93, 93);
insert into cart (cart_id, order_date, total_price, customer_id, d_id) values (94, '2023-01-10', 4796, 94, 94);
insert into cart (cart_id, order_date, total_price, customer_id, d_id) values (95, '2022-09-07', 2740, 95, 95);
insert into cart (cart_id, order_date, total_price, customer_id, d_id) values (96, '2022-02-14', 1139, 96, 96);
insert into cart (cart_id, order_date, total_price, customer_id, d_id) values (97, '2022-03-15', 3831, 97, 97);
insert into cart (cart_id, order_date, total_price, customer_id, d_id) values (98, '2022-12-25', 2809, 98, 98);
insert into cart (cart_id, order_date, total_price, customer_id, d_id) values (99, '2022-06-24', 3685, 99, 99);
insert into cart (cart_id, order_date, total_price, customer_id, d_id) values (100, '2022-11-29', 1484, 100, 100);

insert into cart_item (item_id, cart_id, product_id, quantity) values (1, 1, 1, 4);
insert into cart_item (item_id, cart_id, product_id, quantity) values (2, 2, 2, 5);
insert into cart_item (item_id, cart_id, product_id, quantity) values (3, 3, 3, 4);
insert into cart_item (item_id, cart_id, product_id, quantity) values (4, 4, 4, 2);
insert into cart_item (item_id, cart_id, product_id, quantity) values (5, 5, 5, 6);
insert into cart_item (item_id, cart_id, product_id, quantity) values (6, 6, 6, 5);
insert into cart_item (item_id, cart_id, product_id, quantity) values (7, 7, 7, 2);
insert into cart_item (item_id, cart_id, product_id, quantity) values (8, 8, 8, 4);
insert into cart_item (item_id, cart_id, product_id, quantity) values (9, 9, 9, 9);
insert into cart_item (item_id, cart_id, product_id, quantity) values (10, 10, 10, 2);
insert into cart_item (item_id, cart_id, product_id, quantity) values (11, 11, 11, 8);
insert into cart_item (item_id, cart_id, product_id, quantity) values (12, 12, 12, 1);
insert into cart_item (item_id, cart_id, product_id, quantity) values (13, 13, 13, 3);
insert into cart_item (item_id, cart_id, product_id, quantity) values (14, 14, 14, 4);
insert into cart_item (item_id, cart_id, product_id, quantity) values (15, 15, 15, 1);
insert into cart_item (item_id, cart_id, product_id, quantity) values (16, 16, 16, 7);
insert into cart_item (item_id, cart_id, product_id, quantity) values (17, 17, 17, 2);
insert into cart_item (item_id, cart_id, product_id, quantity) values (18, 18, 18, 3);
insert into cart_item (item_id, cart_id, product_id, quantity) values (19, 19, 19, 7);
insert into cart_item (item_id, cart_id, product_id, quantity) values (20, 20, 20, 8);
insert into cart_item (item_id, cart_id, product_id, quantity) values (21, 21, 21, 3);
insert into cart_item (item_id, cart_id, product_id, quantity) values (22, 22, 22, 6);
insert into cart_item (item_id, cart_id, product_id, quantity) values (23, 23, 23, 7);
insert into cart_item (item_id, cart_id, product_id, quantity) values (24, 24, 24, 5);
insert into cart_item (item_id, cart_id, product_id, quantity) values (25, 25, 25, 2);
insert into cart_item (item_id, cart_id, product_id, quantity) values (26, 26, 26, 9);
insert into cart_item (item_id, cart_id, product_id, quantity) values (27, 27, 27, 9);
insert into cart_item (item_id, cart_id, product_id, quantity) values (28, 28, 28, 8);
insert into cart_item (item_id, cart_id, product_id, quantity) values (29, 29, 29, 9);
insert into cart_item (item_id, cart_id, product_id, quantity) values (30, 30, 30, 6);
insert into cart_item (item_id, cart_id, product_id, quantity) values (31, 31, 31, 8);
insert into cart_item (item_id, cart_id, product_id, quantity) values (32, 32, 32, 5);
insert into cart_item (item_id, cart_id, product_id, quantity) values (33, 33, 33, 1);
insert into cart_item (item_id, cart_id, product_id, quantity) values (34, 34, 34, 8);
insert into cart_item (item_id, cart_id, product_id, quantity) values (35, 35, 35, 5);
insert into cart_item (item_id, cart_id, product_id, quantity) values (36, 36, 36, 5);
insert into cart_item (item_id, cart_id, product_id, quantity) values (37, 37, 37, 10);
insert into cart_item (item_id, cart_id, product_id, quantity) values (38, 38, 38, 9);
insert into cart_item (item_id, cart_id, product_id, quantity) values (39, 39, 39, 6);
insert into cart_item (item_id, cart_id, product_id, quantity) values (40, 40, 40, 9);
insert into cart_item (item_id, cart_id, product_id, quantity) values (41, 41, 41, 5);
insert into cart_item (item_id, cart_id, product_id, quantity) values (42, 42, 42, 1);
insert into cart_item (item_id, cart_id, product_id, quantity) values (43, 43, 43, 3);
insert into cart_item (item_id, cart_id, product_id, quantity) values (44, 44, 44, 3);
insert into cart_item (item_id, cart_id, product_id, quantity) values (45, 45, 45, 8);
insert into cart_item (item_id, cart_id, product_id, quantity) values (46, 46, 46, 10);
insert into cart_item (item_id, cart_id, product_id, quantity) values (47, 47, 47, 5);
insert into cart_item (item_id, cart_id, product_id, quantity) values (48, 48, 48, 3);
insert into cart_item (item_id, cart_id, product_id, quantity) values (49, 49, 49, 6);
insert into cart_item (item_id, cart_id, product_id, quantity) values (50, 50, 50, 6);
insert into cart_item (item_id, cart_id, product_id, quantity) values (51, 51, 51, 3);
insert into cart_item (item_id, cart_id, product_id, quantity) values (52, 52, 52, 6);
insert into cart_item (item_id, cart_id, product_id, quantity) values (53, 53, 53, 9);
insert into cart_item (item_id, cart_id, product_id, quantity) values (54, 54, 54, 3);
insert into cart_item (item_id, cart_id, product_id, quantity) values (55, 55, 55, 7);
insert into cart_item (item_id, cart_id, product_id, quantity) values (56, 56, 56, 7);
insert into cart_item (item_id, cart_id, product_id, quantity) values (57, 57, 57, 10);
insert into cart_item (item_id, cart_id, product_id, quantity) values (58, 58, 58, 3);
insert into cart_item (item_id, cart_id, product_id, quantity) values (59, 59, 59, 4);
insert into cart_item (item_id, cart_id, product_id, quantity) values (60, 60, 60, 6);
insert into cart_item (item_id, cart_id, product_id, quantity) values (61, 61, 61, 5);
insert into cart_item (item_id, cart_id, product_id, quantity) values (62, 62, 62, 6);
insert into cart_item (item_id, cart_id, product_id, quantity) values (63, 63, 63, 5);
insert into cart_item (item_id, cart_id, product_id, quantity) values (64, 64, 64, 10);
insert into cart_item (item_id, cart_id, product_id, quantity) values (65, 65, 65, 8);
insert into cart_item (item_id, cart_id, product_id, quantity) values (66, 66, 66, 2);
insert into cart_item (item_id, cart_id, product_id, quantity) values (67, 67, 67, 9);
insert into cart_item (item_id, cart_id, product_id, quantity) values (68, 68, 68, 1);
insert into cart_item (item_id, cart_id, product_id, quantity) values (69, 69, 69, 5);
insert into cart_item (item_id, cart_id, product_id, quantity) values (70, 70, 70, 3);
insert into cart_item (item_id, cart_id, product_id, quantity) values (71, 71, 71, 7);
insert into cart_item (item_id, cart_id, product_id, quantity) values (72, 72, 72, 10);
insert into cart_item (item_id, cart_id, product_id, quantity) values (73, 73, 73, 4);
insert into cart_item (item_id, cart_id, product_id, quantity) values (74, 74, 74, 4);
insert into cart_item (item_id, cart_id, product_id, quantity) values (75, 75, 75, 7);
insert into cart_item (item_id, cart_id, product_id, quantity) values (76, 76, 76, 5);
insert into cart_item (item_id, cart_id, product_id, quantity) values (77, 77, 77, 3);
insert into cart_item (item_id, cart_id, product_id, quantity) values (78, 78, 78, 8);
insert into cart_item (item_id, cart_id, product_id, quantity) values (79, 79, 79, 9);
insert into cart_item (item_id, cart_id, product_id, quantity) values (80, 80, 80, 3);
insert into cart_item (item_id, cart_id, product_id, quantity) values (81, 81, 81, 4);
insert into cart_item (item_id, cart_id, product_id, quantity) values (82, 82, 82, 6);
insert into cart_item (item_id, cart_id, product_id, quantity) values (83, 83, 83, 5);
insert into cart_item (item_id, cart_id, product_id, quantity) values (84, 84, 84, 5);
insert into cart_item (item_id, cart_id, product_id, quantity) values (85, 85, 85, 10);
insert into cart_item (item_id, cart_id, product_id, quantity) values (86, 86, 86, 6);
insert into cart_item (item_id, cart_id, product_id, quantity) values (87, 87, 87, 1);
insert into cart_item (item_id, cart_id, product_id, quantity) values (88, 88, 88, 9);
insert into cart_item (item_id, cart_id, product_id, quantity) values (89, 89, 89, 7);
insert into cart_item (item_id, cart_id, product_id, quantity) values (90, 90, 90, 5);
insert into cart_item (item_id, cart_id, product_id, quantity) values (91, 91, 91, 10);
insert into cart_item (item_id, cart_id, product_id, quantity) values (92, 92, 92, 10);
insert into cart_item (item_id, cart_id, product_id, quantity) values (93, 93, 93, 10);
insert into cart_item (item_id, cart_id, product_id, quantity) values (94, 94, 94, 8);
insert into cart_item (item_id, cart_id, product_id, quantity) values (95, 95, 95, 7);
insert into cart_item (item_id, cart_id, product_id, quantity) values (96, 96, 96, 6);
insert into cart_item (item_id, cart_id, product_id, quantity) values (97, 97, 97, 9);
insert into cart_item (item_id, cart_id, product_id, quantity) values (98, 98, 98, 1);
insert into cart_item (item_id, cart_id, product_id, quantity) values (99, 99, 99, 8);
insert into cart_item (item_id, cart_id, product_id, quantity) values (100, 100, 100, 5);
